Time_s,Pressure_mbar,Flow_ul_min
4.62,-0.25,0.00
5.62,-0.06,0.00
6.62,-0.19,0.00
7.62,-0.19,0.00
8.62,-0.25,0.00
9.62,-0.19,0.00
10.62,-0.25,0.00
11.62,-0.19,0.00
12.63,-0.19,0.00
13.63,50.38,0.00
14.63,150.95,0.00
15.63,251.26,0.00
16.63,351.60,0.00
17.63,451.76,0.00
18.63,500.06,0.00
20.64,500.00,0.00
21.64,499.94,0.00
22.65,499.94,0.00
23.65,446.32,0.00
25.65,245.56,0.00
26.65,145.37,0.00
28.65,419.08,0.00
29.65,318.46,0.00
30.66,217.77,0.00
31.66,116.34,0.00
32.66,14.21,0.00
33.66,-0.19,0.00
34.66,-0.25,0.00
35.66,-0.19,0.00
36.66,-0.19,0.00
37.66,-0.19,0.00
38.66,30.45,0.00
39.66,90.78,0.00
40.66,150.95,0.00
41.67,211.29,0.00
42.67,271.22,0.00
43.67,300.08,0.00
45.67,299.89,0.00
47.67,299.96,0.00
48.67,300.02,0.00
49.68,299.96,0.00
50.68,299.89,0.00
52.68,299.89,0.00
53.68,300.02,0.00
54.68,299.96,0.00
55.68,299.96,0.00
56.68,299.96,0.00
57.68,299.96,0.00
59.69,299.89,0.00
60.69,299.96,0.00
61.69,299.96,0.00
62.69,300.02,0.00
63.69,300.02,0.00
64.69,300.02,0.00
65.70,299.96,0.00
66.70,300.02,0.00
67.70,299.96,0.00
68.70,299.96,0.00
69.70,299.96,0.00
70.70,299.96,0.00
71.71,299.96,0.00
72.71,299.96,0.00
73.71,299.96,0.00
75.71,299.96,0.00
76.71,300.02,0.00
77.71,299.96,0.00
78.71,299.89,0.00
79.71,299.96,0.00
80.72,299.89,0.00
81.72,299.89,0.00
82.72,299.96,0.00
83.72,300.08,0.00
84.72,300.02,0.00
85.72,299.89,0.00
86.72,300.02,0.00
87.72,299.96,0.00
88.72,299.96,0.00
89.74,300.08,0.00
90.74,300.02,0.00
91.74,299.96,0.00
92.74,300.02,0.00
93.75,299.96,0.00
94.75,299.89,0.00
95.75,300.02,0.00
96.75,299.96,0.00
97.75,299.96,0.00
98.75,299.96,0.00
99.75,299.96,0.00
100.75,299.89,0.00
101.75,299.96,0.00
102.75,299.89,0.00
103.75,250.58,0.00
104.76,190.30,0.00
105.76,130.31,0.00
106.76,69.69,0.00
107.76,8.82,0.00
108.76,262.89,0.00
109.76,215.02,0.00
110.76,154.80,0.00
111.76,79.93,0.00
112.76,33.27,0.00
114.76,-0.19,0.00
115.77,-0.19,0.00
116.77,-0.19,0.00
117.77,-0.19,0.00
118.77,-0.25,0.00
119.77,-0.19,0.00
120.77,-0.25,0.00
121.77,-0.19,0.00
122.77,-0.19,0.00
123.78,-0.19,0.00
124.78,-0.19,0.00
127.78,100.53,0.00
128.78,200.82,0.00
129.78,301.18,0.00
130.78,401.51,0.00
131.78,500.43,0.00
132.78,499.94,0.00
133.79,500.00,0.00
134.79,499.94,0.00
135.79,500.00,0.00
136.79,497.00,0.00
137.79,396.31,0.00
138.80,296.16,0.00
139.80,195.93,0.00
140.80,145.99,0.00
142.80,379.59,0.00
143.80,277.65,0.00
144.80,176.53,0.00
145.81,119.83,0.00
147.81,-0.37,0.00
148.81,-0.19,0.00
149.81,-0.12,0.00
150.81,-0.12,0.00
151.81,-0.19,0.00
152.81,60.31,0.00
153.81,120.63,0.00
154.81,180.81,0.00
155.82,240.91,0.00
156.82,300.38,0.00
158.82,299.96,0.00
159.82,299.83,0.00
160.82,299.89,0.00
161.82,299.89,0.00
162.82,299.96,0.00
163.82,299.96,0.00
164.82,299.96,0.00
165.82,299.96,0.00
166.83,300.02,0.00
167.83,299.96,0.00
168.83,299.89,0.00
169.83,299.96,0.00
170.83,299.96,0.00
171.83,300.02,0.00
172.83,300.02,0.00
173.83,299.89,0.00
174.83,300.02,0.00
175.84,300.08,0.00
176.84,299.96,0.00
177.87,299.96,0.00
178.87,299.83,0.00
179.87,299.96,0.00
180.87,300.08,0.00
181.87,299.96,0.00
182.87,300.02,0.00
183.87,299.89,0.00
184.87,299.96,0.00
186.88,299.89,0.00
187.88,299.96,0.00
188.88,299.96,0.00
189.88,299.96,0.00
190.89,299.96,0.00
191.89,299.89,0.00
192.89,299.89,0.00
193.89,299.89,0.00
194.89,299.96,0.00
195.89,299.96,0.00
196.89,300.08,0.00
197.89,299.89,0.00
198.89,300.08,0.00
199.89,299.89,0.00
200.89,299.89,0.00
201.89,299.89,0.00
202.90,299.89,0.00
203.90,299.96,0.00
206.91,299.96,0.00
207.91,299.96,0.00
208.91,300.02,0.00
209.91,299.96,0.00
210.91,299.89,0.00
211.91,299.89,0.00
212.92,299.96,0.00
213.92,299.89,0.00
214.92,299.89,0.00
215.92,299.89,0.00
216.93,286.91,0.00
217.93,226.53,0.00
218.93,166.37,0.00
219.93,106.04,0.00
220.93,45.47,0.00
221.93,293.22,0.00
222.93,238.28,0.00
223.93,177.51,0.00
224.93,116.83,0.00
225.93,56.45,0.00
226.94,-0.49,0.00
227.94,-0.19,0.00
228.94,-0.19,0.00
229.94,-0.19,0.00
230.94,-0.19,0.00
231.94,-0.25,0.00
232.94,-0.19,0.00
233.94,-0.25,0.00
234.94,-0.12,0.00
235.95,-0.19,0.00
236.95,-0.19,0.00
237.97,-0.19,0.00
238.97,-0.06,0.00
239.98,-0.19,0.00
240.98,50.25,0.00
241.99,150.76,0.00
243.00,250.95,0.00
244.00,351.48,0.00
245.00,451.52,0.00
246.00,500.00,0.00
247.00,500.00,0.00
248.00,500.00,0.00
249.00,499.94,0.00
250.00,500.00,0.00
251.00,446.68,0.00
252.00,346.40,0.00
253.02,246.36,0.00
254.02,143.90,0.00
255.02,43.69,0.00
256.02,419.51,0.00
257.02,314.97,0.00
258.02,214.41,0.00
259.02,113.21,0.00
260.02,11.03,0.00
261.02,-0.25,0.00
262.02,-0.25,0.00
263.02,-0.12,0.00
264.03,-0.12,0.00
265.03,-0.12,0.00
266.03,30.21,0.00
267.03,90.60,0.00
268.03,150.88,0.00
269.03,211.90,0.00
270.03,272.02,0.00
271.03,300.08,0.00
272.03,299.96,0.00
273.03,299.96,0.00
274.04,299.96,0.00
275.04,300.08,0.00
276.04,300.02,0.00
278.04,299.96,0.00
279.04,299.96,0.00
280.04,299.96,0.00
281.04,299.96,0.00
282.04,299.89,0.00
283.05,299.96,0.00
284.05,299.96,0.00
285.05,300.02,0.00
286.05,300.02,0.00
287.05,300.02,0.00
288.05,299.96,0.00
289.05,299.96,0.00
290.05,300.02,0.00
291.05,299.96,0.00
292.05,299.77,0.00
293.06,300.02,0.00
294.06,299.96,0.00
295.06,299.96,0.00
296.06,300.02,0.00
297.06,300.02,0.00
298.06,299.89,0.00
299.06,299.96,0.00
300.06,299.96,0.00
301.07,299.89,0.00
302.07,299.96,0.00
303.07,299.89,0.00
304.07,300.02,0.00
305.07,299.96,0.00
306.07,299.96,0.00
307.08,299.96,0.00
308.08,299.89,0.00
309.08,299.96,0.00
310.08,299.96,0.00
311.08,299.83,0.00
312.08,299.89,0.00
313.08,299.96,0.00
314.09,299.89,0.00
315.09,299.89,0.00
316.09,299.89,0.00
317.09,299.89,0.00
318.09,300.02,0.00
319.09,299.96,0.00
320.09,299.96,0.00
321.09,299.89,0.00
322.09,299.96,0.00
323.09,299.96,0.00
324.10,299.96,0.00
325.10,299.96,0.00
326.10,299.96,0.00
327.10,299.96,0.00
329.10,300.08,0.00
330.10,299.83,0.00
331.10,280.72,0.00
333.12,129.94,0.00
334.12,69.87,0.00
335.12,9.43,0.00
336.12,259.59,0.00
337.12,198.68,0.00
338.12,137.84,0.00
339.12,94.09,0.00
340.12,19.42,0.00
341.12,-0.25,0.00
342.12,-0.25,0.00
343.13,-0.19,0.00
344.13,-0.19,0.00
345.13,-0.25,0.00
346.13,-0.19,0.00
347.13,-0.25,0.00
348.13,-0.37,0.00
349.13,-0.19,0.00
350.13,-0.19,0.00
351.13,-0.06,0.00
352.13,-0.12,0.00
353.13,-0.19,0.00
355.13,100.47,0.00
356.14,200.64,0.00
357.14,300.87,0.00
358.19,401.39,0.00
359.19,500.36,0.00
360.19,500.00,0.00
361.20,500.00,0.00
362.20,499.94,0.00
363.20,500.06,0.00
364.20,492.77,0.00
365.20,391.29,0.00
366.20,291.01,0.00
367.20,190.85,0.00
368.20,90.35,0.00
369.20,466.88,0.00
370.20,378.67,0.00
371.22,277.53,0.00
372.22,175.49,0.00
373.22,73.25,0.00
374.22,-0.43,0.00
375.22,-0.19,0.00
376.22,-0.12,0.00
377.22,-0.25,0.00
378.22,-0.19,0.00
379.23,-0.19,0.00
380.23,60.55,0.00
381.23,120.63,0.00
382.23,182.28,0.00
383.23,245.26,0.00
384.24,300.32,0.00
385.24,300.08,0.00
386.24,300.02,0.00
387.24,299.96,0.00
388.24,299.96,0.00
389.25,299.96,0.00
390.25,299.96,0.00
391.25,300.02,0.00
392.25,299.83,0.00
393.25,299.96,0.00
394.25,299.96,0.00
395.25,300.02,0.00
396.25,299.89,0.00
397.26,299.89,0.00
398.26,299.89,0.00
399.26,299.89,0.00
400.26,300.02,0.00
402.26,300.02,0.00
403.26,299.96,0.00
404.26,299.83,0.00
405.26,299.89,0.00
406.26,299.89,0.00
407.26,299.89,0.00
408.27,300.08,0.00
409.27,300.02,0.00
410.27,300.02,0.00
411.27,299.96,0.00
412.27,300.08,0.00
413.27,299.89,0.00
414.27,299.96,0.00
415.27,300.02,0.00
416.27,299.89,0.00
417.28,299.96,0.00
418.28,299.89,0.00
419.28,300.02,0.00
420.28,300.08,0.00
421.28,300.14,0.00
422.28,300.08,0.00
423.28,299.96,0.00
424.28,299.96,0.00
425.28,299.96,0.00
426.28,299.96,0.00
427.29,299.89,0.00
428.29,299.96,0.00
429.29,299.96,0.00
430.29,300.02,0.00
431.29,300.02,0.00
432.29,299.96,0.00
434.30,299.96,0.00
435.30,299.96,0.00
436.30,300.02,0.00
437.30,299.96,0.00
438.30,299.83,0.00
439.30,300.02,0.00
440.30,299.96,0.00
442.30,300.02,0.00
443.30,299.89,0.00
444.31,279.86,0.00
445.31,220.41,0.00
446.31,165.15,0.00
447.31,102.18,0.00
448.32,40.08,0.00
449.32,233.08,0.00
450.32,239.26,0.00
451.32,180.63,0.00
452.32,117.99,0.00
453.32,59.51,0.00
454.33,0.92,0.00
455.33,-0.31,0.00
456.33,-0.12,0.00
457.33,-0.19,0.00
458.33,-0.19,0.00
459.34,-0.25,0.00
460.34,-0.19,0.00
461.34,-0.19,0.00
462.34,-0.12,0.00
463.34,-0.19,0.00
649.28,-0.25,0.00
650.28,-0.19,0.00
651.28,-0.19,0.00
652.28,-0.19,0.00
653.28,-0.19,0.00
654.28,-0.12,0.00
655.29,-0.12,0.00
656.29,-0.19,0.00
657.29,-0.25,0.00
658.30,50.50,0.00
659.30,151.01,0.00
660.30,251.38,0.00
661.30,351.48,0.00
662.30,451.95,0.00
664.30,500.06,0.00
665.30,500.00,0.00
666.31,500.00,0.00
669.32,345.29,0.00
670.32,245.26,0.00
671.32,144.95,0.00
672.32,44.67,0.00
673.32,419.20,0.00
674.32,317.79,0.00
675.32,220.77,0.00
676.32,117.81,0.00
677.32,17.58,0.00
678.32,-0.25,0.00
679.32,-0.12,0.00
680.33,-0.19,0.00
681.33,-0.06,0.00
682.33,-0.12,0.00
683.33,30.27,0.00
684.33,90.47,0.00
685.33,151.19,0.00
686.33,211.72,0.00
687.33,271.96,0.00
688.33,300.08,0.00
689.33,299.96,0.00
690.33,299.96,0.00
691.33,299.96,0.00
692.34,300.02,0.00
693.34,299.96,0.00
694.34,300.02,0.00
695.34,299.96,0.00
696.34,299.89,0.00
697.34,299.96,0.00
698.34,300.02,0.00
699.34,300.02,0.00
700.34,299.96,0.00
701.34,300.02,0.00
702.34,300.02,0.00
703.35,299.96,0.00
704.35,300.02,0.00
705.35,300.02,0.00
706.35,300.02,0.00
708.35,300.02,0.00
709.35,299.89,0.00
710.35,299.89,0.00
711.35,299.96,0.00
712.36,299.96,0.00
713.36,299.96,0.00
714.36,300.02,0.00
715.36,299.96,0.00
716.36,299.96,0.00
717.36,299.89,0.00
718.36,299.96,0.00
719.36,300.14,0.00
720.36,300.02,0.00
721.37,300.02,0.00
722.37,300.08,0.00
723.37,299.96,0.00
724.37,299.96,0.00
725.37,300.02,0.00
726.37,299.89,0.00
727.37,299.83,0.00
728.37,299.96,0.00
729.38,299.96,0.00
730.38,299.96,0.00
732.38,299.96,0.00
733.38,299.96,0.00
734.38,299.89,0.00
735.38,299.96,0.00
736.38,299.89,0.00
737.39,300.08,0.00
738.39,300.02,0.00
739.39,299.96,0.00
740.39,299.96,0.00
741.39,300.02,0.00
742.39,299.96,0.00
743.39,299.96,0.00
744.40,299.96,0.00
745.40,300.02,0.00
746.40,300.02,0.00
747.40,299.96,0.00
748.40,251.75,0.00
749.40,191.40,0.00
750.40,131.04,0.00
751.40,71.10,0.00
752.40,10.66,0.00
753.40,259.71,0.00
754.41,215.08,0.00
755.41,154.50,0.00
756.41,80.97,0.00
757.41,33.46,0.00
758.41,-0.31,0.00
759.42,-0.19,0.00
760.42,-0.12,0.00
761.42,-0.06,0.00
762.42,-0.12,0.00
763.42,-0.12,0.00
764.42,-0.12,0.00
765.42,-0.19,0.00
766.42,-0.12,0.00
767.42,-0.19,0.00
769.43,-0.12,0.00
770.43,-0.19,0.00
771.43,-0.12,0.00
772.43,100.53,0.00
773.43,200.64,0.00
774.43,301.00,0.00
775.43,401.27,0.00
776.43,500.43,0.00
777.44,500.06,0.00
778.44,500.00,0.00
779.44,500.06,0.00
780.44,500.00,0.00
781.44,495.83,0.00
782.44,395.14,0.00
783.44,294.81,0.00
784.44,194.46,0.00
785.44,93.66,0.00
786.44,482.86,0.00
787.45,379.10,0.00
788.45,278.21,0.00
789.45,177.20,0.00
790.45,76.31,0.00
791.45,-0.37,0.00
792.45,-0.12,0.00
793.45,-0.19,0.00
794.46,-0.19,0.00
795.46,-0.12,0.00
796.46,-0.19,0.00
797.46,60.37,0.00
798.46,120.57,0.00
799.46,180.75,0.00
800.46,241.03,0.00
801.46,300.45,0.00
802.46,300.08,0.00
803.46,299.89,0.00
805.47,299.96,0.00
806.47,299.96,0.00
807.47,300.02,0.00
808.47,300.02,0.00
809.47,299.96,0.00
810.47,300.02,0.00
811.47,300.02,0.00
812.47,299.96,0.00
813.47,299.96,0.00
814.47,299.89,0.00
815.48,300.02,0.00
816.48,299.96,0.00
817.48,299.96,0.00
818.48,299.96,0.00
819.48,299.89,0.00
820.48,299.89,0.00
821.48,300.02,0.00
822.48,300.02,0.00
823.48,299.89,0.00
824.48,299.96,0.00
825.48,299.96,0.00
826.49,299.96,0.00
827.49,300.02,0.00
828.49,300.02,0.00
829.49,299.96,0.00
830.49,299.96,0.00
831.49,299.96,0.00
832.49,300.02,0.00
833.50,300.02,0.00
834.50,299.96,0.00
836.50,299.96,0.00
838.50,300.08,0.00
839.50,300.02,0.00
841.50,300.02,0.00
842.51,300.02,0.00
843.51,299.89,0.00
844.51,300.02,0.00
845.51,299.96,0.00
846.51,300.02,0.00
847.51,299.96,0.00
848.51,299.96,0.00
849.51,299.96,0.00
850.51,299.89,0.00
851.51,299.96,0.00
852.51,300.02,0.00
853.52,299.89,0.00
854.52,300.02,0.00
855.52,300.02,0.00
856.52,299.96,0.00
857.52,300.02,0.00
858.52,299.96,0.00
859.52,299.96,0.00
860.52,300.02,0.00
861.53,279.49,0.00
862.53,219.18,0.00
863.53,159.76,0.00
864.53,98.75,0.00
865.53,40.08,0.00
866.53,200.09,0.00
867.53,241.22,0.00
868.53,178.92,0.00
869.53,115.91,0.00
870.53,58.16,0.00
871.53,-2.21,0.00
872.54,-0.19,0.00
873.55,-0.25,0.00
874.55,-0.12,0.00
875.55,-0.19,0.00
876.55,-0.12,0.00
879.55,-0.19,0.00
880.55,-0.19,0.00
881.55,-0.19,0.00
882.55,-0.25,0.00
883.56,-0.19,0.00
884.56,-0.19,0.00
885.56,50.38,0.00
886.56,151.99,0.00
887.56,252.42,0.00
888.56,352.77,0.00
889.56,453.17,0.00
890.56,500.06,0.00
891.56,499.94,0.00
892.57,499.94,0.00
893.57,499.94,0.00
894.57,499.94,0.00
895.57,444.66,0.00
896.57,344.38,0.00
897.57,244.09,0.00
898.57,144.03,0.00
899.57,43.26,0.00
900.57,440.69,0.00
901.57,335.74,0.00
902.57,234.67,0.00
904.58,31.49,0.00
905.58,-0.31,0.00
906.58,-0.19,0.00
907.58,-0.19,0.00
908.58,-0.12,0.00
909.59,-0.12,0.00
910.59,30.58,0.00
911.59,90.96,0.00
912.59,151.31,0.00
913.59,211.66,0.00
914.59,271.71,0.00
915.59,300.14,0.00
916.59,299.96,0.00
917.59,299.89,0.00
918.59,300.02,0.00
919.59,300.02,0.00
920.59,300.02,0.00
921.60,299.96,0.00
922.60,299.83,0.00
923.60,300.02,0.00
924.60,300.02,0.00
925.60,299.96,0.00
926.60,299.96,0.00
927.60,299.96,0.00
928.60,299.89,0.00
929.60,299.96,0.00
930.60,299.96,0.00
931.60,299.89,0.00
932.63,300.02,0.00
933.63,299.96,0.00
934.63,299.96,0.00
936.63,299.89,0.00
937.63,299.96,0.00
938.63,300.02,0.00
939.63,299.96,0.00
940.64,300.02,0.00
941.64,299.96,0.00
942.64,300.02,0.00
943.64,299.96,0.00
945.04,300.08,0.00
946.09,300.02,0.00
947.09,299.96,0.00
949.09,300.02,0.00
950.09,300.02,0.00
951.09,300.02,0.00
952.09,299.96,0.00
953.09,299.96,0.00
954.10,300.02,0.00
955.10,299.89,0.00
956.10,300.02,0.00
957.10,299.96,0.00
958.27,300.02,0.00
959.27,300.02,0.00
960.27,300.02,0.00
961.27,299.96,0.00
962.27,299.96,0.00
963.28,299.96,0.00
964.28,300.02,0.00
965.28,300.02,0.00
966.28,300.02,0.00
967.28,300.02,0.00
968.28,300.02,0.00
969.28,300.02,0.00
970.28,299.96,0.00
972.28,300.02,0.00
973.29,300.02,0.00
974.29,300.02,0.00
975.29,299.83,0.00
976.29,239.07,0.00
977.29,179.04,0.00
978.29,118.67,0.00
979.29,118.73,0.00
980.30,289.23,0.00
981.30,227.26,0.00
982.30,166.43,0.00
983.30,105.74,0.00
984.30,44.43,0.00
985.30,-0.37,0.00
986.30,-0.19,0.00
987.30,-0.19,0.00
988.30,-0.12,0.00
989.30,-0.12,0.00
990.31,-0.19,0.00
991.31,-0.19,0.00
992.31,-0.12,0.00
993.31,-0.06,0.00
994.31,-0.12,0.00
995.31,-0.25,0.00
996.32,-0.19,0.00
998.32,-0.19,0.00
999.32,100.71,0.00
1000.32,200.70,0.00
1001.33,301.30,0.00
1002.33,401.94,0.00
1003.33,501.16,0.00
1004.33,500.06,0.00
1005.33,499.94,0.00
1006.34,500.00,0.00
1007.34,499.94,0.00
1008.34,496.94,0.00
1009.34,395.63,0.00
1010.34,295.42,0.00
1011.34,194.95,0.00
1012.34,95.07,0.00
1013.34,327.22,0.00
1014.34,399.37,0.00
1015.35,298.12,0.00
1016.35,236.56,0.00
1018.36,-4.41,0.00
1019.37,-0.25,0.00
1021.37,-0.12,0.00
1022.37,-0.12,0.00
1023.37,-0.12,0.00
1024.37,70.49,0.00
1025.37,109.17,0.00
1026.37,168.82,0.00
1027.37,225.42,0.00
1028.37,282.98,0.00
1029.37,299.96,0.00
1030.38,300.02,0.00
1031.38,300.02,0.00
1032.38,300.08,0.00
1033.38,299.89,0.00
1034.38,300.02,0.00
1035.38,299.89,0.00
1036.38,299.96,0.00
1037.38,299.96,0.00
1038.39,300.02,0.00
1039.39,299.96,0.00
1040.39,299.96,0.00
1041.39,300.02,0.00
1042.39,299.89,0.00
1043.39,299.96,0.00
1044.39,299.96,0.00
1045.39,299.96,0.00
1046.39,299.96,0.00
1047.39,300.02,0.00
1048.39,300.02,0.00
1049.39,299.96,0.00
1050.40,299.96,0.00
1051.40,299.89,0.00
1052.40,300.08,0.00
1053.40,299.96,0.00
1055.41,300.02,0.00
1056.41,299.96,0.00
1057.41,300.02,0.00
1058.41,300.08,0.00
1060.41,299.89,0.00
1061.41,299.96,0.00
1062.41,299.96,0.00
1063.41,299.96,0.00
1064.42,300.02,0.00
1065.42,300.02,0.00
1066.42,300.08,0.00
1067.42,299.96,0.00
1068.43,300.02,0.00
1069.43,299.96,0.00
1070.43,300.02,0.00
1071.43,299.96,0.00
1072.43,299.96,0.00
1073.43,299.96,0.00
1074.43,300.02,0.00
1076.44,300.02,0.00
1077.44,300.02,0.00
1078.44,299.96,0.00
1079.44,300.02,0.00
1080.44,300.02,0.00
1081.44,300.02,0.00
1082.45,299.96,0.00
1083.45,299.96,0.00
1084.45,300.08,0.00
1085.45,300.08,0.00
1086.46,300.02,0.00
1087.46,299.96,0.00
1088.46,299.96,0.00
1089.47,256.95,0.00
1090.47,196.72,0.00
1091.47,136.68,0.00
1092.47,76.31,0.00
1093.47,15.99,0.00
1094.47,251.50,0.00
1095.47,190.91,0.00
1096.47,130.25,0.00
1097.48,69.51,0.00
1098.48,9.13,0.00
1099.48,-0.19,0.00
1100.48,-0.19,0.00
1101.48,-0.19,0.00
1102.48,-0.19,0.00
1103.48,-0.12,0.00
1104.48,-0.19,0.00
1105.48,-0.12,0.00
1106.48,-0.06,0.00
1107.48,-0.12,0.00
1108.48,-0.12,0.00
1114.70,-0.19,0.00
1115.70,-0.19,0.00
1116.71,-0.12,0.00
1117.71,-0.12,0.00
1118.71,-0.12,0.00
1120.71,-0.06,0.00
1121.71,-0.19,0.00
1122.71,-0.12,0.00
1123.71,50.38,0.00
1124.72,150.88,0.00
1125.72,251.20,0.00
1127.72,452.50,0.00
1128.72,500.24,0.00
1129.72,500.06,0.00
1130.72,500.12,0.00
1132.72,499.94,0.00
1133.72,445.64,0.00
1134.72,343.58,0.00
1135.72,243.42,0.00
1136.72,143.17,0.00
1137.73,42.96,0.00
1138.73,439.83,0.00
1139.73,336.29,0.00
1140.73,235.71,0.00
1141.73,134.17,0.00
1142.73,32.41,0.00
1143.73,-0.31,0.00
1144.73,-0.19,0.00
1145.73,-0.12,0.00
1146.74,-0.12,0.00
1147.74,-0.19,0.00
1148.74,30.33,0.00
1149.74,90.72,0.00
1150.74,150.82,0.00
1152.74,271.41,0.00
1153.74,300.14,0.00
1155.74,300.02,0.00
1156.74,299.89,0.00
1157.74,299.96,0.00
1158.75,300.02,0.00
1159.75,299.96,0.00
1161.76,300.08,0.00
1162.76,299.89,0.00
1164.77,299.96,0.00
1165.77,300.02,0.00
1166.77,299.96,0.00
1167.77,299.96,0.00
1168.77,300.08,0.00
1169.78,300.02,0.00
1170.78,300.02,0.00
1171.78,300.02,0.00
1172.78,300.02,0.00
1173.78,299.96,0.00
1174.78,300.08,0.00
1175.78,300.08,0.00
1176.78,299.96,0.00
1177.79,300.02,0.00
1178.79,299.96,0.00
1179.79,299.96,0.00
1180.79,300.02,0.00
1181.79,300.08,0.00
1182.79,299.96,0.00
1183.79,300.08,0.00
1184.79,300.02,0.00
1185.79,300.02,0.00
1186.80,300.02,0.00
1187.80,300.02,0.00
1188.80,299.96,0.00
1189.80,300.08,0.00
1190.80,300.02,0.00
1191.80,299.96,0.00
1192.80,300.02,0.00
1193.80,299.96,0.00
1194.80,300.02,0.00
1195.80,299.96,0.00
1197.81,300.02,0.00
1198.81,300.02,0.00
1199.81,299.96,0.00
1200.81,299.96,0.00
1201.81,299.96,0.00
1203.81,300.08,0.00
1204.81,300.02,0.00
1205.82,299.96,0.00
1206.82,299.96,0.00
1207.82,300.02,0.00
1209.82,299.89,0.00
1211.82,300.02,0.00
1212.82,299.96,0.00
1213.82,237.67,0.00
1214.82,181.37,0.00
1215.83,116.22,0.00
1216.83,102.24,0.00
1217.83,42.10,0.00
1218.84,277.84,0.00
1219.84,214.84,0.00
1220.84,154.56,0.00
1221.84,93.85,0.00
1223.85,-0.31,0.00
1224.86,-0.12,0.00
1225.86,-0.12,0.00
1226.86,-0.12,0.00
1227.86,-0.12,0.00
1228.86,-0.12,0.00
1229.86,-0.12,0.00
1230.86,-0.06,0.00
1231.86,-0.12,0.00
1232.86,-0.12,0.00
1233.86,-0.12,0.00
1234.87,-0.19,0.00
1235.87,-0.19,0.00
1236.87,-0.12,0.00
1237.87,100.65,0.00
1238.87,201.07,0.00
1239.87,301.79,0.00
1240.87,401.82,0.00
1241.87,500.49,0.00
1242.87,500.00,0.00
1243.87,500.00,0.00
1244.87,500.00,0.00
1246.87,496.51,0.00
1247.88,395.51,0.00
1248.88,295.48,0.00
1249.88,194.95,0.00
1250.88,94.64,0.00
1251.88,447.17,0.00
1252.88,380.51,0.00
1253.88,282.00,0.00
1254.88,179.84,0.00
1255.88,66.62,0.00
1256.88,-0.49,0.00
1257.89,-0.19,0.00
1259.89,-0.19,0.00
1261.89,-0.12,0.00
1262.89,60.62,0.00
1263.89,120.75,0.00
1264.89,180.88,0.00
1265.89,241.22,0.00
1266.89,300.32,0.00
1267.89,300.02,0.00
1268.89,300.02,0.00
1269.89,300.02,0.00
1271.90,299.96,0.00
1272.90,300.08,0.00
1273.90,300.08,0.00
1274.90,300.02,0.00
1275.90,299.89,0.00
1276.91,300.08,0.00
1278.91,299.96,0.00
1279.91,299.96,0.00
1280.91,300.02,0.00
1281.91,299.96,0.00
1282.91,300.02,0.00
1283.91,300.02,0.00
1284.91,300.02,0.00
1285.91,300.02,0.00
1286.91,300.02,0.00
1287.91,300.02,0.00
1288.91,300.02,0.00
1289.92,300.02,0.00
1290.92,300.02,0.00
1291.92,299.96,0.00
1292.92,299.96,0.00
1293.92,299.96,0.00
1294.92,300.08,0.00
1295.92,299.96,0.00
1297.93,300.02,0.00
1298.93,300.02,0.00
1299.93,300.02,0.00
1300.93,299.96,0.00
1301.93,299.96,0.00
1302.93,300.02,0.00
1303.93,300.02,0.00
1304.94,300.02,0.00
1305.94,299.96,0.00
1306.94,299.96,0.00
1308.94,299.89,0.00
1309.95,299.96,0.00
1311.95,299.96,0.00
1312.95,300.02,0.00
1313.95,299.96,0.00
1314.95,300.02,0.00
1315.95,299.96,0.00
1316.96,299.96,0.00
1317.96,299.96,0.00
1319.97,299.96,0.00
1320.97,300.02,0.00
1321.97,300.02,0.00
1323.98,300.02,0.00
1324.98,300.08,0.00
1325.99,300.08,0.00
1326.99,285.44,0.00
1327.99,226.59,0.00
1328.99,165.88,0.00
1329.99,106.35,0.00
1330.99,46.15,0.00
1331.99,259.95,0.00
1332.99,239.32,0.00
1333.99,178.86,0.00
1334.99,118.36,0.00
1335.99,59.70,0.00
1336.99,-0.55,0.00
1338.00,-0.25,0.00
1339.00,-0.19,0.00
1340.00,-0.12,0.00
1341.00,-0.12,0.00
1342.00,-0.19,0.00
1343.00,-0.12,0.00
1344.00,-0.12,0.00
1345.00,-0.12,0.00
1346.00,-0.19,0.00
1347.01,-0.12,0.00
1348.01,-0.12,0.00
1349.01,-0.06,0.00
1350.01,-0.12,0.00
1351.01,50.44,0.00
1352.01,150.82,0.00
1353.01,251.14,0.00
1354.01,351.18,0.00
1355.01,451.46,0.00
1356.01,500.24,0.00
1357.02,500.12,0.00
1358.02,500.06,0.00
1359.02,500.06,0.00
1360.02,500.00,0.00
1361.02,446.62,0.00
1363.02,245.93,0.00
1364.02,145.74,0.00
1365.02,44.43,0.00
1366.02,410.45,0.00
1367.03,338.74,0.00
1368.03,214.16,0.00
1369.03,137.29,0.00
1370.03,36.09,0.00
1371.03,-0.19,0.00
1373.03,-0.19,0.00
1374.03,-0.19,0.00
1375.03,-0.19,0.00
1376.03,30.51,0.00
1377.04,90.66,0.00
1378.04,150.76,0.00
1379.04,211.10,0.00
1380.04,271.35,0.00
1381.05,300.08,0.00
1382.05,300.08,0.00
1383.05,300.02,0.00
1384.05,299.96,0.00
1386.05,299.96,0.00
1387.06,300.02,0.00
1388.06,300.02,0.00
1390.06,300.08,0.00
1391.06,299.96,0.00
1393.06,299.96,0.00
1394.06,299.96,0.00
1395.06,300.02,0.00
1396.07,300.02,0.00
1397.07,299.96,0.00
1398.07,300.02,0.00
1399.07,300.14,0.00
1400.08,299.96,0.00
1401.08,300.08,0.00
1402.08,300.02,0.00
1403.08,299.96,0.00
1404.08,299.96,0.00
1405.09,299.96,0.00
1406.09,300.02,0.00
1407.09,300.02,0.00
1408.09,300.02,0.00
1409.09,300.02,0.00
1410.09,300.02,0.00
1411.09,299.89,0.00
1412.09,299.96,0.00
1413.09,299.96,0.00
1414.09,299.96,0.00
1415.09,299.89,0.00
1417.10,300.08,0.00
1418.10,300.08,0.00
1419.10,300.02,0.00
1420.10,300.02,0.00
1421.10,300.02,0.00
1422.10,300.02,0.00
1423.10,299.89,0.00
1424.10,300.02,0.00
1425.11,299.89,0.00
1426.11,299.96,0.00
1427.11,299.96,0.00
1428.11,300.02,0.00
1429.11,299.96,0.00
1430.11,299.96,0.00
1431.11,300.02,0.00
1432.11,300.08,0.00
1433.11,299.96,0.00
1434.11,300.02,0.00
1435.11,300.02,0.00
1436.12,299.96,0.00
1437.12,299.96,0.00
1438.15,299.89,0.00
1439.15,299.89,0.00
1440.15,299.96,0.00
1441.15,253.58,0.00
1442.15,193.42,0.00
1443.16,132.76,0.00
1444.16,70.98,0.00
1445.16,10.66,0.00
1447.16,214.90,0.00
1448.16,153.95,0.00
1449.17,93.54,0.00
1450.17,33.15,0.00
1451.17,-0.19,0.00
1452.17,-0.12,0.00
1453.17,-0.19,0.00
1455.17,-0.19,0.00
1456.17,-0.12,0.00
1457.18,-0.12,0.00
1458.18,-0.12,0.00
1459.18,-0.06,0.00
1460.18,-0.12,0.00
1461.18,-0.12,0.00
1462.18,-0.19,0.00
1463.18,-0.12,0.00
1465.19,100.71,0.00
1466.19,201.31,0.00
1467.19,301.43,0.00
1468.19,401.69,0.00
1469.19,500.49,0.00
1470.19,500.00,0.00
1471.19,500.00,0.00
1473.19,500.12,0.00
1474.19,496.39,0.00
1475.19,395.63,0.00
1476.19,295.36,0.00
1477.20,195.13,0.00
1478.20,94.83,0.00
1479.20,469.33,0.00
1480.20,378.98,0.00
1481.20,277.90,0.00
1482.20,176.47,0.00
1483.20,76.07,0.00
1484.20,-0.37,0.00
1485.20,-0.19,0.00
1486.21,-0.12,0.00
1487.21,-0.06,0.00
1488.21,-0.12,0.00
1489.21,-0.00,0.00
1490.21,60.62,0.00
1491.21,120.94,0.00
1492.21,180.94,0.00
1493.21,241.09,0.00
1494.21,300.38,0.00
1495.21,300.02,0.00
1496.21,300.08,0.00
1497.21,300.02,0.00
1498.22,300.02,0.00
1500.22,299.96,0.00
1501.22,300.02,0.00
1502.22,300.02,0.00
1503.22,299.96,0.00
1504.23,300.02,0.00
1505.23,300.02,0.00
1506.23,300.02,0.00
1507.23,300.02,0.00
1508.23,300.02,0.00
1509.23,299.89,0.00
1511.28,300.02,0.00
1512.28,300.02,0.00
1513.28,299.96,0.00
1514.28,300.02,0.00
1515.28,299.96,0.00
1516.28,299.96,0.00
1517.28,300.02,0.00
1518.28,300.02,0.00
1519.28,300.02,0.00
1520.29,300.02,0.00
1521.29,300.02,0.00
1522.29,299.96,0.00
1523.29,300.02,0.00
1524.29,299.96,0.00
1525.29,299.96,0.00
1526.29,300.02,0.00
1527.29,300.02,0.00
1528.29,300.02,0.00
1529.30,300.02,0.00
1530.30,299.89,0.00
1531.30,299.89,0.00
1532.30,299.89,0.00
1533.30,299.96,0.00
1534.30,299.89,0.00
1535.30,300.02,0.00
1536.30,299.96,0.00
1537.30,300.02,0.00
1538.30,300.02,0.00
1539.31,299.96,0.00
1540.31,299.96,0.00
1541.31,300.02,0.00
1543.33,300.08,0.00
1544.33,300.02,0.00
1545.33,300.02,0.00
1546.33,300.02,0.00
1547.33,300.02,0.00
1548.34,300.02,0.00
1549.34,300.08,0.00
1550.34,299.96,0.00
1551.34,300.08,0.00
1552.35,300.08,0.00
1553.35,300.02,0.00
1554.35,278.15,0.00
1555.35,219.24,0.00
1556.35,157.92,0.00
1557.35,97.89,0.00
1558.35,35.30,0.00
1559.35,254.44,0.00
1560.35,239.14,0.00
1561.35,178.18,0.00
1562.35,117.75,0.00
1564.36,0.80,0.00
1565.36,-0.19,0.00
1566.36,-0.06,0.00
1567.36,-0.19,0.00
1568.36,-0.06,0.00
1569.36,-0.12,0.00
1570.36,-0.19,0.00
1571.36,-0.12,0.00
1572.36,-0.12,0.00
1573.37,-0.19,0.00
1593.44,-0.12,0.00
1594.44,-0.12,0.00
1595.44,-0.12,0.00
1596.44,-0.12,0.00
1597.44,-0.12,0.00
1598.44,-0.12,0.00
1599.45,-0.12,0.00
1600.45,-0.06,0.00
1601.45,-0.12,0.00
1602.45,50.31,0.00
1603.45,150.82,0.00
1604.45,251.01,0.00
1605.45,351.18,0.00
1606.45,451.70,0.00
1607.45,500.18,0.00
1608.45,500.00,0.00
1609.45,500.00,0.00
1610.46,500.00,0.00
1611.46,500.06,0.00
1612.46,446.26,0.00
1613.46,345.48,0.00
1614.46,245.14,0.00
1615.46,144.95,0.00
1616.46,44.61,0.00
1617.46,410.20,0.00
1618.47,311.05,0.00
1619.47,210.37,0.00
1620.47,136.68,0.00
1621.47,35.05,0.00
1622.47,-0.25,0.00
1623.47,-0.19,0.00
1624.47,-0.19,0.00
1625.47,-0.12,0.00
1626.47,-0.12,0.00
1627.47,30.33,0.00
1628.48,60.49,0.00
1630.48,181.00,0.00
1632.48,300.26,0.00
1633.49,300.08,0.00
1635.49,299.96,0.00
1636.49,300.02,0.00
1637.49,300.02,0.00
1638.49,299.96,0.00
1639.49,299.96,0.00
1640.49,300.02,0.00
1641.49,299.96,0.00
1642.50,299.96,0.00
1643.50,300.02,0.00
1644.50,299.96,0.00
1645.50,300.02,0.00
1646.50,299.96,0.00
1647.50,300.02,0.00
1648.50,300.08,0.00
1650.50,300.02,0.00
1651.50,299.96,0.00
1654.51,300.02,0.00
1655.51,299.96,0.00
1656.51,300.02,0.00
1657.51,300.02,0.00
1658.51,300.08,0.00
1659.51,299.96,0.00
1660.52,299.96,0.00
1661.52,299.96,0.00
1662.52,300.02,0.00
1663.52,300.02,0.00
1664.53,300.02,0.00
1665.53,299.96,0.00
1666.53,299.96,0.00
1667.53,300.02,0.00
1668.53,300.08,0.00
1669.53,299.96,0.00
1670.53,300.08,0.00
1671.53,300.02,0.00
1672.53,300.02,0.00
1673.53,299.89,0.00
1674.54,300.08,0.00
1675.54,300.02,0.00
1676.54,300.02,0.00
1678.54,299.96,0.00
1679.54,300.02,0.00
1680.54,300.02,0.00
1681.54,300.02,0.00
1682.55,299.96,0.00
1683.55,299.96,0.00
1684.55,299.96,0.00
1685.55,300.02,0.00
1686.55,299.96,0.00
1687.55,300.02,0.00
1688.55,300.02,0.00
1689.55,299.96,0.00
1690.55,300.02,0.00
1691.55,299.96,0.00
1692.55,234.12,0.00
1694.56,114.99,0.00
1695.56,75.33,0.00
1697.56,277.16,0.00
1698.56,215.14,0.00
1699.56,178.67,0.00
1701.58,33.09,0.00
1702.58,-0.25,0.00
1703.58,-0.19,0.00
1704.59,-0.19,0.00
1705.59,-0.19,0.00
1706.59,-0.19,0.00
1707.59,-0.12,0.00
1708.60,-0.06,0.00
1709.60,-0.12,0.00
1710.61,-0.12,0.00
1711.61,-0.12,0.00
1712.61,-0.06,0.00
1713.61,-0.12,0.00
1714.61,-0.19,0.00
1715.61,-0.12,0.00
1716.61,100.65,0.00
1717.62,200.76,0.00
1718.62,300.94,0.00
1719.62,401.39,0.00
1720.62,500.49,0.00
1721.62,500.00,0.00
1722.62,500.12,0.00
1723.62,499.94,0.00
1724.62,500.12,0.00
1725.62,497.18,0.00
1726.63,395.94,0.00
1727.63,295.79,0.00
1728.63,195.44,0.00
1729.63,95.19,0.00
1731.63,378.12,0.00
1732.63,276.98,0.00
1733.63,176.47,0.00
1734.63,75.82,0.00
1735.64,-0.37,0.00
1736.64,-0.12,0.00
1737.64,-0.12,0.00
1738.64,-0.12,0.00
1739.64,-0.12,0.00
1740.64,-0.19,0.00
1741.64,60.43,0.00
1742.64,120.87,0.00
1743.64,181.06,0.00
1744.64,241.09,0.00
1745.64,300.38,0.00
1746.65,300.08,0.00
1747.65,300.02,0.00
1748.65,299.96,0.00
1749.65,299.96,0.00
1750.65,300.02,0.00
1751.65,299.96,0.00
1752.65,300.02,0.00
1753.65,299.96,0.00
1754.66,299.96,0.00
1755.66,299.96,0.00
1756.67,299.96,0.00
1757.67,300.02,0.00
1758.68,299.96,0.00
1759.68,299.96,0.00
1760.68,299.96,0.00
1761.68,300.02,0.00
1762.68,299.89,0.00
1763.69,300.02,0.00
1764.69,299.96,0.00
1765.69,299.96,0.00
1766.69,299.96,0.00
1767.69,300.02,0.00
1768.69,299.89,0.00
1769.69,300.08,0.00
1770.69,300.02,0.00
1771.69,300.02,0.00
1772.70,299.96,0.00
1773.70,300.02,0.00
1774.70,299.89,0.00
1775.70,299.96,0.00
1776.70,299.96,0.00
1777.70,300.02,0.00
1779.70,299.96,0.00
1780.70,299.96,0.00
1781.71,300.02,0.00
1782.71,299.96,0.00
1783.71,299.96,0.00
1784.71,299.96,0.00
1785.71,299.96,0.00
1786.71,299.96,0.00
1787.71,300.02,0.00
1788.71,299.96,0.00
1789.71,300.02,0.00
1791.72,299.96,0.00
1792.72,300.02,0.00
1794.72,299.96,0.00
1795.72,299.96,0.00
1796.72,299.96,0.00
1797.73,300.02,0.00
1798.73,300.02,0.00
1799.73,300.02,0.00
1800.73,300.02,0.00
1801.73,299.96,0.00
1802.73,299.96,0.00
1803.73,300.02,0.00
1804.73,300.02,0.00
1805.73,286.17,0.00
1806.73,225.67,0.00
1807.73,165.45,0.00
1808.73,104.51,0.00
1809.74,44.25,0.00
1810.74,15.44,0.00
1812.74,178.86,0.00
1813.74,117.81,0.00
1814.74,57.24,0.00
1815.75,-0.80,0.00
1816.75,-0.19,0.00
1817.75,-0.19,0.00
1818.75,-0.12,0.00
1819.75,-0.19,0.00
1820.75,-0.25,0.00
1821.75,-0.12,0.00
1822.75,-0.19,0.00
1823.76,-0.12,0.00
1824.76,-0.19,0.00
1825.76,-0.12,0.00
1826.77,-0.12,0.00
1827.77,-0.12,0.00
1828.85,-0.25,0.00
1829.85,50.38,0.00
1830.85,150.76,0.00
1831.85,251.01,0.00
1832.85,351.54,0.00
1833.85,452.01,0.00
1834.85,500.06,0.00
1836.85,500.06,0.00
1837.85,500.00,0.00
1838.86,500.00,0.00
1839.86,446.26,0.00
1840.86,345.97,0.00
1841.86,244.40,0.00
1842.86,144.09,0.00
1843.86,43.39,0.00
1844.86,420.43,0.00
1847.87,118.36,0.00
1848.87,12.86,0.00
1849.87,-0.25,0.00
1850.87,-0.19,0.00
1851.87,-0.12,0.00
1852.87,-0.19,0.00
1853.87,-0.12,0.00
1854.87,30.45,0.00
1855.88,90.54,0.00
1856.88,150.76,0.00
1857.88,210.98,0.00
1858.88,271.10,0.00
1859.88,300.02,0.00
1860.88,299.96,0.00
1862.89,299.96,0.00
1863.89,299.96,0.00
1864.89,299.96,0.00
1865.89,300.02,0.00
1866.89,299.96,0.00
1868.89,299.96,0.00
1869.89,299.96,0.00
1870.89,300.02,0.00
1871.90,300.08,0.00
1872.90,300.08,0.00
1873.90,299.96,0.00
1874.90,300.02,0.00
1875.90,299.96,0.00
1876.90,300.02,0.00
1878.90,300.02,0.00
1879.90,299.96,0.00
1880.93,299.96,0.00
1881.94,300.02,0.00
1882.94,299.96,0.00
1883.94,299.96,0.00
1884.94,300.02,0.00
1885.94,300.02,0.00
1886.94,299.96,0.00
1887.94,299.96,0.00
1888.94,300.02,0.00
1889.94,299.96,0.00
1890.95,300.02,0.00
1891.95,299.96,0.00
1892.95,300.02,0.00
1894.95,300.08,0.00
1895.95,300.02,0.00
1896.95,300.02,0.00
1897.96,300.02,0.00
1898.96,299.96,0.00
1899.96,300.02,0.00
1900.97,299.96,0.00
1901.97,300.02,0.00
1902.97,300.02,0.00
1903.97,300.02,0.00
1904.97,300.02,0.00
1905.97,299.96,0.00
1906.97,299.89,0.00
1907.97,299.96,0.00
1908.98,299.96,0.00
1909.98,299.96,0.00
1910.98,299.96,0.00
1911.98,300.02,0.00
1912.98,300.02,0.00
1913.99,300.02,0.00
1914.99,300.02,0.00
1915.99,299.96,0.00
1916.99,299.96,0.00
1917.99,299.96,0.00
1918.99,299.89,0.00
1919.99,246.36,0.00
1921.00,187.85,0.00
1922.00,126.94,0.00
1923.00,67.30,0.00
1924.00,6.61,0.00
1925.00,277.23,0.00
1926.00,215.27,0.00
1927.00,154.74,0.00
1928.00,94.03,0.00
1929.00,33.64,0.00
1930.00,-0.31,0.00
1931.01,-0.12,0.00
1932.01,-0.19,0.00
1933.01,-0.12,0.00
1934.01,-0.25,0.00
1936.02,-0.12,0.00
1937.02,-0.19,0.00
1938.02,-0.19,0.00
1939.02,-0.25,0.00
1940.02,-0.12,0.00
1941.02,-0.12,0.00
1942.02,-0.19,0.00
1943.02,-0.12,0.00
1944.02,100.53,0.00
1945.02,201.01,0.00
1946.02,301.24,0.00
1947.03,401.63,0.00
1948.03,500.43,0.00
1949.03,500.06,0.00
1950.03,500.00,0.00
1951.03,500.06,0.00
1952.03,499.94,0.00
1953.04,495.59,0.00
1954.04,394.90,0.00
1955.04,294.01,0.00
1956.04,193.73,0.00
1957.04,93.36,0.00
1958.04,491.18,0.00
1959.04,378.80,0.00
1960.04,277.59,0.00
1961.04,176.16,0.00
1962.04,74.66,0.00
1963.04,-0.49,0.00
1964.04,-0.19,0.00
1965.04,-0.19,0.00
1966.05,-0.19,0.00
1967.05,-0.12,0.00
1968.05,-0.06,0.00
1969.05,60.55,0.00
1970.05,121.06,0.00
1971.05,181.37,0.00
1972.05,242.14,0.00
1973.06,300.38,0.00
1974.06,299.96,0.00
1975.06,299.96,0.00
1976.06,300.02,0.00
1977.06,299.96,0.00
1978.06,299.89,0.00
1979.06,299.89,0.00
1980.06,300.02,0.00
1982.06,300.02,0.00
1983.06,299.96,0.00
1984.06,299.96,0.00
1985.07,299.96,0.00
1986.07,299.96,0.00
1987.07,300.02,0.00
1988.07,300.02,0.00
1989.07,299.96,0.00
1990.07,300.02,0.00
1991.07,300.02,0.00
1992.07,300.02,0.00
1993.07,299.89,0.00
1995.08,300.08,0.00
1996.08,300.02,0.00
1997.08,300.02,0.00
1998.08,299.96,0.00
1999.08,300.08,0.00
2000.08,299.89,0.00
2001.08,299.96,0.00
2002.08,299.96,0.00
2003.09,300.02,0.00
2004.09,300.02,0.00
2005.09,299.96,0.00
2006.09,300.08,0.00
2007.09,300.08,0.00
2008.09,300.02,0.00
2009.09,300.02,0.00
2010.10,299.96,0.00
2011.10,300.02,0.00
2012.10,299.96,0.00
2013.10,299.96,0.00
2014.10,300.02,0.00
2015.10,300.02,0.00
2016.10,299.96,0.00
2017.10,299.96,0.00
2018.10,299.89,0.00
2019.10,300.02,0.00
2020.10,300.02,0.00
2022.12,299.96,0.00
2023.12,299.96,0.00
2024.12,299.96,0.00
2025.12,299.96,0.00
2026.12,299.96,0.00
2027.13,300.02,0.00
2029.13,300.02,0.00
2030.13,300.02,0.00
2031.13,299.96,0.00
2032.13,300.08,0.00
2033.13,270.55,0.00
2034.13,204.80,0.00
2035.13,144.64,0.00
2036.14,86.18,0.00
2037.14,27.82,0.00
2038.14,8.21,0.00
2039.14,252.18,0.00
2040.14,175.86,0.00
2041.14,130.68,0.00
2042.14,70.30,0.00
2043.14,9.56,0.00
2044.14,-0.25,0.00
2045.14,-0.19,0.00
2047.14,-0.06,0.00
2048.15,-0.19,0.00
2049.15,-0.12,0.00
2050.15,-0.12,0.00
2051.15,-0.19,0.00
2052.15,-0.12,0.00
2056.82,-0.12,0.00
2057.82,-0.19,0.00
2058.82,-0.19,0.00
2059.82,-0.12,0.00
2060.82,-0.12,0.00
2061.82,-0.12,0.00
2062.83,-0.12,0.00
2064.83,-0.12,0.00
2065.83,-0.12,0.00
2066.83,151.13,0.00
2067.83,251.20,0.00
2068.83,351.54,0.00
2069.83,452.07,0.00
2070.83,500.12,0.00
2071.83,500.00,0.00
2072.83,500.00,0.00
2073.84,500.00,0.00
2074.84,500.06,0.00
2075.84,446.01,0.00
2076.84,346.03,0.00
2077.84,245.81,0.00
2078.84,145.37,0.00
2079.84,44.80,0.00
2080.84,440.62,0.00
2081.84,338.86,0.00
2082.84,237.67,0.00
2083.84,137.11,0.00
2084.84,35.66,0.00
2085.84,-0.25,0.00
2086.85,-0.12,0.00
2087.85,-0.12,0.00
2088.85,-0.19,0.00
2089.85,-0.19,0.00
2090.85,30.21,0.00
2091.85,90.60,0.00
2092.85,150.95,0.00
2093.85,211.35,0.00
2094.86,241.89,0.00
2096.86,300.20,0.00
2097.86,300.02,0.00
2098.86,300.02,0.00
2099.86,300.02,0.00
2100.86,299.96,0.00
2101.86,299.96,0.00
2102.87,300.02,0.00
2103.87,299.96,0.00
2104.87,299.96,0.00
2105.87,299.96,0.00
2106.87,300.02,0.00
2107.87,299.89,0.00
2108.88,300.14,0.00
2109.88,300.02,0.00
2110.88,300.02,0.00
2111.88,300.02,0.00
2112.88,299.96,0.00
2113.88,300.02,0.00
2114.88,300.02,0.00
2115.88,300.02,0.00
2116.89,300.02,0.00
2117.89,300.02,0.00
2118.89,300.02,0.00
2119.89,300.02,0.00
2120.89,299.96,0.00
2121.89,300.02,0.00
2122.89,299.96,0.00
2123.89,299.96,0.00
2124.90,300.08,0.00
2125.90,300.02,0.00
2126.90,299.96,0.00
2127.90,299.96,0.00
2128.90,299.89,0.00
2129.90,300.02,0.00
2130.90,299.89,0.00
2131.90,299.96,0.00
2132.90,299.96,0.00
2133.90,300.08,0.00
2134.91,299.96,0.00
2135.91,300.02,0.00
2136.91,299.96,0.00
2137.91,300.02,0.00
2138.91,299.96,0.00
2139.91,299.96,0.00
2141.91,299.96,0.00
2145.92,300.08,0.00
2146.92,299.96,0.00
2148.92,299.89,0.00
2149.92,299.96,0.00
2150.92,299.96,0.00
2151.93,299.96,0.00
2152.93,299.89,0.00
2153.93,300.02,0.00
2154.93,300.02,0.00
2155.93,256.77,0.00
2156.93,196.60,0.00
2157.94,137.47,0.00
2158.94,75.64,0.00
2159.94,15.87,0.00
2160.94,277.16,0.00
2162.94,154.86,0.00
2163.94,93.97,0.00
2164.94,33.46,0.00
2165.94,-0.25,0.00
2166.95,-0.19,0.00
2167.95,-0.19,0.00
2168.95,-0.12,0.00
2170.95,-0.19,0.00
2171.95,-0.12,0.00
2172.95,-0.19,0.00
2173.95,-0.12,0.00
2174.96,-0.06,0.00
2175.96,-0.12,0.00
2176.96,-0.19,0.00
2177.96,-0.06,0.00
2178.96,-0.06,0.00
2179.96,100.65,0.00
2180.96,200.76,0.00
2181.97,301.00,0.00
2182.98,401.57,0.00
2183.98,500.55,0.00
2184.98,500.06,0.00
2185.98,500.00,0.00
2186.98,500.00,0.00
2187.98,500.00,0.00
2188.98,494.06,0.00
2189.98,392.94,0.00
2190.98,292.73,0.00
2191.98,192.44,0.00
2193.99,458.07,0.00
2194.99,377.82,0.00
2195.99,277.16,0.00
2196.99,176.78,0.00
2198.00,76.80,0.00
2199.00,-0.49,0.00
2200.00,-0.19,0.00
2201.01,-0.12,0.00
2202.01,-0.12,0.00
2203.01,-0.12,0.00
2205.01,60.55,0.00
2206.01,120.87,0.00
2207.01,181.18,0.00
2208.01,241.34,0.00
2209.01,300.38,0.00
2210.02,300.02,0.00
2211.02,300.02,0.00
2213.02,299.89,0.00
2214.02,299.96,0.00
2216.02,300.02,0.00
2217.02,300.02,0.00
2218.03,300.14,0.00
2219.03,300.02,0.00
2220.03,300.02,0.00
2221.03,300.02,0.00
2222.03,300.02,0.00
2223.03,299.96,0.00
2224.04,300.02,0.00
2225.04,300.02,0.00
2226.04,300.02,0.00
2227.04,299.96,0.00
2228.04,300.02,0.00
2229.04,300.02,0.00
2230.04,299.96,0.00
2231.05,300.08,0.00
2232.05,299.96,0.00
2233.05,300.08,0.00
2234.05,300.02,0.00
2235.05,300.02,0.00
2236.05,300.02,0.00
2237.05,300.02,0.00
2238.05,300.02,0.00
2239.05,300.02,0.00
2240.05,299.96,0.00
2241.05,300.02,0.00
2242.06,300.02,0.00
2243.06,300.02,0.00
2244.07,300.02,0.00
2245.07,300.08,0.00
2246.07,300.08,0.00
2247.07,299.96,0.00
2248.07,299.96,0.00
2249.07,300.02,0.00
2250.07,299.96,0.00
2252.08,299.96,0.00
2253.08,299.96,0.00
2254.08,300.02,0.00
2255.09,299.96,0.00
2256.09,300.02,0.00
2257.09,299.89,0.00
2258.09,299.96,0.00
2259.09,300.02,0.00
2260.09,300.02,0.00
2262.09,300.02,0.00
2263.10,300.02,0.00
2264.10,299.96,0.00
2265.10,299.96,0.00
2266.10,300.02,0.00
2267.10,299.96,0.00
2268.10,299.96,0.00
2269.10,284.76,0.00
2270.10,228.00,0.00
2271.10,167.53,0.00
2272.10,105.19,0.00
2273.10,41.98,0.00
2274.10,120.87,0.00
2275.13,240.48,0.00
2276.15,172.37,0.00
2277.15,113.03,0.00
2278.15,53.69,0.00
2280.15,-0.12,0.00
2281.16,-0.06,0.00
2282.16,-0.06,0.00
2283.16,-0.12,0.00
2284.16,-0.12,0.00
2285.16,-0.19,0.00
2286.16,-0.12,0.00
2287.16,-0.12,0.00
2289.16,-0.12,0.00
2290.16,-0.12,0.00
2291.16,-0.12,0.00
2292.16,-0.12,0.00
2293.17,50.56,0.00
2294.17,151.07,0.00
2295.17,201.50,0.00
2297.17,451.03,0.00
2300.18,500.00,0.00
2301.18,500.12,0.00
2302.18,500.00,0.00
2303.18,445.64,0.00
2304.18,345.60,0.00
2306.19,144.70,0.00
2307.19,44.37,0.00
2308.19,440.13,0.00
2309.19,338.56,0.00
2310.19,237.24,0.00
2311.19,136.43,0.00
2312.19,34.99,0.00
2313.19,-0.19,0.00
2314.19,-0.19,0.00
2315.19,-0.12,0.00
2316.19,-0.12,0.00
2317.19,-0.19,0.00
2318.20,30.45,0.00
2319.20,90.72,0.00
2320.20,151.07,0.00
2321.20,181.06,0.00
2323.20,300.32,0.00
2324.20,300.02,0.00
2325.20,300.02,0.00
2326.20,300.08,0.00
2327.20,300.02,0.00
2328.20,300.02,0.00
2329.21,300.02,0.00
2330.21,300.02,0.00
2331.21,300.02,0.00
2332.21,300.02,0.00
2333.21,300.02,0.00
2334.21,300.02,0.00
2335.21,299.96,0.00
2336.21,300.08,0.00
2337.22,299.96,0.00
2338.22,299.96,0.00
2339.22,300.02,0.00
2341.22,299.96,0.00
2342.22,300.02,0.00
2343.22,300.08,0.00
2344.22,299.96,0.00
2345.23,299.96,0.00
2346.23,300.02,0.00
2347.23,299.89,0.00
2348.23,299.96,0.00
2349.23,299.96,0.00
2350.23,299.96,0.00
2351.23,299.96,0.00
2352.23,299.96,0.00
2353.24,299.96,0.00
2354.25,300.08,0.00
2355.25,299.96,0.00
2356.25,299.96,0.00
2357.25,299.96,0.00
2358.25,299.89,0.00
2359.25,300.02,0.00
2360.26,300.02,0.00
2361.26,300.02,0.00
2362.26,300.02,0.00
2363.26,300.02,0.00
2364.26,299.96,0.00
2365.26,299.96,0.00
2366.26,300.08,0.00
2367.26,299.89,0.00
2368.26,300.02,0.00
2369.26,300.02,0.00
2371.27,300.08,0.00
2372.27,300.02,0.00
2373.27,299.96,0.00
2374.29,300.02,0.00
2375.29,300.02,0.00
2376.29,299.96,0.00
2377.29,299.96,0.00
2378.29,300.08,0.00
2379.29,299.96,0.00
2380.29,300.02,0.00
2381.29,300.02,0.00
2382.29,300.02,0.00
2384.30,195.75,0.00
2385.30,134.96,0.00
2386.30,74.35,0.00
2387.30,14.89,0.00
2388.30,277.29,0.00
2389.30,200.70,0.00
2390.30,154.93,0.00
2391.30,94.58,0.00
2392.30,33.76,0.00
2393.31,-0.25,0.00
2394.31,-0.19,0.00
2395.31,-0.19,0.00
2396.31,-0.12,0.00
2397.31,-0.19,0.00
2398.31,-0.12,0.00
2399.31,-0.06,0.00
2400.31,-0.06,0.00
2401.31,-0.19,0.00
2402.31,-0.12,0.00
2403.31,-0.12,0.00
2404.32,-0.12,0.00
2405.32,-0.06,0.00
2406.32,-0.06,0.00
2407.32,100.65,0.00
2408.32,201.01,0.00
2409.32,301.18,0.00
2410.32,401.76,0.00
2411.33,500.43,0.00
2412.33,500.18,0.00
2414.33,500.18,0.00
2415.33,500.06,0.00
2416.33,497.00,0.00
2417.33,395.82,0.00
2418.33,295.42,0.00
2419.33,195.38,0.00
2420.33,95.01,0.00
2421.34,458.68,0.00
2422.34,378.92,0.00
2423.34,278.15,0.00
2424.34,176.84,0.00
2425.34,75.70,0.00
2426.34,-0.43,0.00
2427.34,-0.12,0.00
2428.38,-0.12,0.00
2429.38,-0.12,0.00
2430.38,-0.19,0.00
2431.38,-0.19,0.00
2432.38,60.49,0.00
2433.38,120.63,0.00
2434.38,180.75,0.00
2435.38,244.65,0.00
2436.38,300.45,0.00
2437.38,300.02,0.00
2438.38,300.02,0.00
2439.39,300.02,0.00
2441.39,299.96,0.00
2442.39,299.96,0.00
2443.39,299.96,0.00
2445.40,300.02,0.00
2446.40,300.02,0.00
2447.40,300.02,0.00
2448.40,300.02,0.00
2450.40,299.96,0.00
2451.40,300.08,0.00
2452.40,300.02,0.00
2453.40,299.96,0.00
2454.41,300.02,0.00
2455.41,300.08,0.00
2457.41,300.08,0.00
2458.41,299.96,0.00
2459.42,300.02,0.00
2460.42,300.02,0.00
2461.42,300.02,0.00
2462.42,299.96,0.00
2463.42,299.96,0.00
2464.42,300.02,0.00
2466.42,300.02,0.00
2467.42,300.02,0.00
2468.42,299.96,0.00
2470.43,299.89,0.00
2472.43,300.02,0.00
2473.43,300.02,0.00
2474.43,300.02,0.00
2475.43,300.02,0.00
2476.43,299.96,0.00
2477.44,300.14,0.00
2478.44,300.02,0.00
2480.44,300.08,0.00
2481.44,300.08,0.00
2482.44,299.96,0.00
2483.44,299.96,0.00
2484.45,300.02,0.00
2485.45,299.96,0.00
2486.45,299.96,0.00
2487.45,300.02,0.00
2488.46,300.02,0.00
2489.46,300.02,0.00
2491.46,300.02,0.00
2492.46,299.96,0.00
2493.46,299.96,0.00
2494.46,300.02,0.00
2495.47,300.02,0.00
2496.47,281.58,0.00
2497.47,221.20,0.00
2498.47,161.11,0.00
2499.47,100.65,0.00
2500.47,40.51,0.00
2501.47,264.91,0.00
2502.48,239.44,0.00
2503.48,178.61,0.00
2505.48,57.92,0.00
2506.48,-0.92,0.00
2507.48,-0.12,0.00
2508.48,-0.12,0.00
2510.49,-0.12,0.00
2511.49,-0.12,0.00
2512.49,-0.19,0.00
2513.49,-0.12,0.00
2514.49,-0.06,0.00
2515.49,-0.06,0.00
2520.71,-0.12,0.00
2521.71,-0.12,0.00
2522.71,-0.19,0.00
2523.71,-0.12,0.00
2524.71,-0.12,0.00
2525.72,-0.12,0.00
2526.72,-0.12,0.00
2527.72,-0.12,0.00
2528.72,-0.12,0.00
2529.72,50.31,0.00
2531.72,251.07,0.00
2532.72,351.42,0.00
2533.73,451.58,0.00
2534.73,500.18,0.00
2535.73,500.06,0.00
2537.73,500.06,0.00
2538.73,500.00,0.00
2539.73,446.38,0.00
2540.73,346.21,0.00
2541.73,245.50,0.00
2542.73,145.37,0.00
2543.74,44.98,0.00
2544.74,412.65,0.00
2545.74,311.78,0.00
2546.74,208.05,0.00
2547.74,136.13,0.00
2548.74,35.30,0.00
2549.74,-0.25,0.00
2550.75,-0.12,0.00
2551.75,-0.06,0.00
2552.75,-0.25,0.00
2553.75,-0.06,0.00
2554.75,30.27,0.00
2555.75,90.66,0.00
2556.75,150.82,0.00
2557.75,210.86,0.00
2558.75,271.41,0.00
2559.75,300.14,0.00
2560.75,299.96,0.00
2561.76,300.02,0.00
2562.76,299.96,0.00
2564.76,300.02,0.00
2565.76,299.89,0.00
2566.76,300.02,0.00
2567.76,299.96,0.00
2568.76,300.02,0.00
2569.76,300.02,0.00
2570.76,299.96,0.00
2571.76,300.02,0.00
2572.77,300.02,0.00
2573.77,299.96,0.00
2574.77,300.02,0.00
2575.77,300.02,0.00
2576.77,300.02,0.00
2577.77,300.08,0.00
2578.77,300.02,0.00
2579.77,299.96,0.00
2580.77,300.02,0.00
2581.78,300.02,0.00
2582.78,300.08,0.00
2583.78,300.02,0.00
2584.78,300.02,0.00
2585.78,300.02,0.00
2586.78,299.96,0.00
2587.79,299.89,0.00
2588.79,300.02,0.00
2589.79,300.02,0.00
2590.79,300.08,0.00
2591.79,300.02,0.00
2592.79,299.96,0.00
2593.79,300.02,0.00
2594.80,300.02,0.00
2595.80,300.02,0.00
2596.80,300.08,0.00
2597.80,299.89,0.00
2598.80,300.02,0.00
2599.80,299.96,0.00
2600.80,300.08,0.00
2601.80,299.96,0.00
2602.80,300.14,0.00
2603.81,300.08,0.00
2604.81,300.02,0.00
2605.81,300.02,0.00
2606.81,300.02,0.00
2607.81,300.02,0.00
2608.81,300.02,0.00
2609.81,300.02,0.00
2610.81,300.02,0.00
2611.81,300.02,0.00
2612.81,300.08,0.00
2613.82,300.08,0.00
2614.82,300.08,0.00
2615.82,300.02,0.00
2616.82,299.96,0.00
2617.83,300.02,0.00
2618.83,299.96,0.00
2619.83,256.59,0.00
2620.83,196.48,0.00
2621.83,135.88,0.00
2622.83,75.64,0.00
2623.84,15.81,0.00
2624.84,265.47,0.00
2626.85,144.15,0.00
2627.85,80.85,0.00
2628.85,16.36,0.00
2629.85,-0.43,0.00
2631.85,-0.12,0.00
2632.85,-0.12,0.00
2633.85,-0.00,0.00
2634.85,-0.12,0.00
2636.85,-0.12,0.00
2637.85,-0.12,0.00
2639.86,-0.12,0.00
2640.86,-0.19,0.00
2641.86,-0.12,0.00
2642.86,-0.06,0.00
2643.87,100.65,0.00
2644.88,200.70,0.00
2645.88,301.00,0.00
2646.88,401.33,0.00
2647.88,500.55,0.00
2648.88,500.00,0.00
2649.88,500.06,0.00
2650.88,500.06,0.00
2651.88,500.00,0.00
2652.88,494.79,0.00
2653.88,394.29,0.00
2654.89,293.95,0.00
2655.89,193.73,0.00
2656.89,93.42,0.00
2657.89,473.37,0.00
2658.89,379.35,0.00
2659.89,278.51,0.00
2660.89,177.75,0.00
2661.89,77.17,0.00
2662.89,-0.43,0.00
2663.89,-0.19,0.00
2664.90,-0.12,0.00
2665.90,-0.06,0.00
2666.90,-0.12,0.00
2667.90,-0.06,0.00
2668.90,60.49,0.00
2669.90,120.81,0.00
2670.90,181.06,0.00
2671.90,241.34,0.00
2672.91,300.38,0.00
2673.91,300.14,0.00
2674.91,300.02,0.00
2675.91,300.02,0.00
2676.91,299.96,0.00
2678.91,299.96,0.00
2679.91,300.02,0.00
2680.92,300.08,0.00
2681.92,300.02,0.00
2682.92,300.02,0.00
2683.92,300.02,0.00
2684.92,299.96,0.00
2685.92,300.02,0.00
2686.92,300.08,0.00
2687.92,300.08,0.00
2688.92,300.14,0.00
2689.93,300.08,0.00
2690.93,300.02,0.00
2691.93,300.02,0.00
2692.93,300.02,0.00
2693.93,300.02,0.00
2694.93,300.02,0.00
2696.93,300.02,0.00
2697.93,300.02,0.00
2698.93,299.96,0.00
2699.94,300.02,0.00
2700.94,300.02,0.00
2701.94,299.96,0.00
2702.94,300.14,0.00
2703.94,300.08,0.00
2704.94,299.96,0.00
2705.94,300.02,0.00
2706.94,300.08,0.00
2707.94,300.02,0.00
2708.94,300.02,0.00
2709.95,299.96,0.00
2710.95,300.08,0.00
2711.95,300.02,0.00
2712.95,299.96,0.00
2713.95,300.02,0.00
2714.95,300.08,0.00
2715.95,300.02,0.00
2716.95,299.96,0.00
2717.95,299.96,0.00
2718.95,300.08,0.00
2719.95,300.14,0.00
2720.95,300.02,0.00
2721.96,299.96,0.00
2722.96,300.08,0.00
2723.96,299.96,0.00
2724.96,300.02,0.00
2725.97,299.96,0.00
2726.97,300.02,0.00
2727.97,300.02,0.00
2728.97,300.02,0.00
2729.97,300.08,0.00
2730.97,300.08,0.00
2733.97,223.41,0.00
2735.97,103.53,0.00
2736.98,43.33,0.00
2738.98,239.50,0.00
2739.98,178.86,0.00
2740.98,118.18,0.00
2742.98,0.73,0.00
2743.98,-0.19,0.00
2744.98,-0.12,0.00
2745.98,-0.19,0.00
2746.98,-0.06,0.00
2747.99,-0.19,0.00
2748.99,-0.12,0.00
2750.99,-0.25,0.00
2751.99,-0.19,0.00
2752.99,-0.12,0.00
2753.99,-0.12,0.00
2754.99,-0.06,0.00
2755.99,-0.12,0.00
2756.99,50.31,0.00
2758.00,150.82,0.00
2759.00,251.69,0.00
2760.00,351.79,0.00
2761.00,452.07,0.00
2762.00,500.18,0.00
2763.00,500.00,0.00
2765.01,500.06,0.00
2766.01,500.06,0.00
2767.01,446.32,0.00
2768.01,345.91,0.00
2769.01,245.69,0.00
2771.01,44.98,0.00
2772.02,424.47,0.00
2774.02,210.37,0.00
2775.02,120.51,0.00
2776.02,8.02,0.00
2777.03,-0.25,0.00
2778.03,-0.19,0.00
2779.03,-0.12,0.00
2780.03,-0.06,0.00
2781.03,-0.12,0.00
2782.03,30.27,0.00
2783.03,90.84,0.00
2784.03,151.19,0.00
2785.03,211.53,0.00
2786.04,271.47,0.00
2787.04,300.02,0.00
2788.04,299.96,0.00
2789.04,300.14,0.00
2790.04,300.02,0.00
2791.04,300.08,0.00
2792.04,300.02,0.00
2793.04,300.02,0.00
2794.04,300.02,0.00
2795.04,300.02,0.00
2796.05,300.02,0.00
2797.05,300.02,0.00
2798.05,299.96,0.00
2799.05,300.02,0.00
2800.05,300.02,0.00
2801.05,300.08,0.00
2802.05,300.08,0.00
2803.06,299.96,0.00
2804.06,299.96,0.00
2805.06,299.96,0.00
2806.06,300.02,0.00
2807.06,299.89,0.00
2808.06,300.08,0.00
2809.06,300.02,0.00
2810.06,300.02,0.00
2811.06,300.02,0.00
2812.07,300.02,0.00
2813.07,299.96,0.00
2814.07,300.02,0.00
2815.07,300.02,0.00
2816.07,300.02,0.00
2817.08,300.02,0.00
2818.08,300.02,0.00
2819.11,300.02,0.00
2820.11,300.08,0.00
2821.12,300.02,0.00
2822.12,300.02,0.00
2823.12,300.02,0.00
2824.12,299.96,0.00
2825.12,299.96,0.00
2826.12,299.96,0.00
2827.13,300.02,0.00
2828.14,299.96,0.00
2829.14,300.02,0.00
2830.15,300.02,0.00
2831.15,300.02,0.00
2833.15,300.08,0.00
2834.15,300.08,0.00
2835.15,300.02,0.00
2836.15,300.02,0.00
2837.15,300.02,0.00
2838.15,300.02,0.00
2839.15,300.02,0.00
2840.16,300.02,0.00
2841.16,300.02,0.00
2843.16,300.02,0.00
2844.16,300.02,0.00
2845.16,300.08,0.00
2846.16,300.08,0.00
2847.16,265.10,0.00
2848.16,205.05,0.00
2849.16,144.76,0.00
2850.16,84.40,0.00
2851.17,24.45,0.00
2852.17,253.65,0.00
2853.17,192.99,0.00
2854.17,132.21,0.00
2855.17,65.03,0.00
2856.17,4.53,0.00
2857.17,-0.19,0.00
2858.17,-0.06,0.00
2859.17,-0.12,0.00
2861.18,-0.19,0.00
2862.18,-0.19,0.00
2863.18,-0.06,0.00
2864.18,-0.12,0.00
2865.18,-0.06,0.00
2867.18,-0.12,0.00
2868.18,-0.06,0.00
2869.18,-0.12,0.00
2870.19,51.48,0.00
2871.19,147.76,0.00
2872.19,253.46,0.00
2873.19,349.64,0.00
2874.19,448.58,0.00
2875.19,500.30,0.00
2876.19,500.06,0.00
2877.19,500.00,0.00
2878.19,499.94,0.00
2879.19,499.87,0.00
2880.19,449.25,0.00
2881.20,345.91,0.00
2882.20,245.50,0.00
2883.20,144.76,0.00
2884.20,94.95,0.00
2885.20,460.64,0.00
2886.21,357.97,0.00
2887.21,256.65,0.00
2888.21,155.90,0.00
2889.21,55.10,0.00
2890.21,-0.25,0.00
2891.21,-0.19,0.00
2892.21,-0.06,0.00
2893.21,-0.12,0.00
2894.21,-0.12,0.00
2895.22,18.99,0.00
2896.22,77.66,0.00
2897.22,161.60,0.00
2898.22,221.88,0.00
2899.22,258.06,0.00
2901.22,300.02,0.00
2902.22,300.02,0.00
2903.22,300.02,0.00
2904.22,300.02,0.00
2905.23,300.02,0.00
2906.23,300.08,0.00
2907.23,300.02,0.00
2908.23,300.08,0.00
2909.23,299.96,0.00
2911.23,300.02,0.00
2913.23,300.08,0.00
2914.23,300.02,0.00
2915.23,299.96,0.00
2916.23,300.02,0.00
2917.24,300.02,0.00
2918.24,300.02,0.00
2919.24,300.02,0.00
2920.24,300.08,0.00
2923.25,300.02,0.00
2924.25,299.96,0.00
2926.26,300.02,0.00
2928.28,300.02,0.00
2929.28,300.02,0.00
2930.28,299.96,0.00
2931.28,300.08,0.00
2932.29,300.02,0.00
2933.29,300.02,0.00
2934.29,300.02,0.00
2935.29,300.02,0.00
2936.29,299.96,0.00
2937.29,300.08,0.00
2938.29,300.02,0.00
2939.29,300.08,0.00
2941.30,300.02,0.00
2942.30,300.08,0.00
2943.30,300.08,0.00
2944.30,300.08,0.00
2945.30,300.08,0.00
2946.30,299.96,0.00
2947.30,300.08,0.00
2948.30,300.02,0.00
2949.30,300.02,0.00
2950.31,300.08,0.00
2951.31,299.96,0.00
2952.31,300.02,0.00
2953.32,300.02,0.00
2954.32,300.08,0.00
2955.32,300.08,0.00
2956.32,300.08,0.00
2957.32,299.96,0.00
2958.32,300.02,0.00
2960.32,286.17,0.00
2961.32,225.91,0.00
2962.33,164.54,0.00
2963.33,103.96,0.00
2964.33,43.69,0.00
2965.33,288.56,0.00
2966.33,227.38,0.00
2967.33,166.86,0.00
2968.34,106.29,0.00
2969.34,45.84,0.00
2970.34,-0.25,0.00
2971.34,-0.12,0.00
2972.34,-0.12,0.00
2973.34,-0.12,0.00
2974.35,-0.06,0.00
2975.35,-0.12,0.00
2976.35,-0.06,0.00
2977.35,-0.19,0.00
2978.35,-0.19,0.00
2979.35,-0.12,0.00
2983.56,-0.12,0.00
2984.56,-0.12,0.00
2985.56,-0.06,0.00
2986.56,-0.12,0.00
2987.56,-0.06,0.00
2988.56,-0.06,0.00
2989.57,-0.12,0.00
2990.57,-0.06,0.00
2992.57,50.31,0.00
2993.57,150.82,0.00
2994.58,251.01,0.00
2995.58,351.11,0.00
2996.58,451.46,0.00
2997.58,500.18,0.00
2998.64,500.06,0.00
2999.64,500.00,0.00
3000.64,499.94,0.00
3001.64,500.00,0.00
3002.64,441.66,0.00
3003.64,340.88,0.00
3004.64,240.18,0.00
3005.65,140.11,0.00
3006.65,39.28,0.00
3007.65,419.51,0.00
3008.65,317.66,0.00
3009.65,216.61,0.00
3010.65,116.03,0.00
3011.66,14.64,0.00
3012.66,-0.19,0.00
3013.66,-0.19,0.00
3014.66,-0.12,0.00
3015.66,-0.12,0.00
3017.67,30.21,0.00
3018.67,90.54,0.00
3019.67,150.70,0.00
3020.67,211.04,0.00
3021.67,271.22,0.00
3022.67,300.08,0.00
3023.67,300.08,0.00
3024.68,300.02,0.00
3025.68,300.08,0.00
3026.68,300.02,0.00
3027.68,300.02,0.00
3028.68,299.96,0.00
3029.68,300.08,0.00
3030.68,300.02,0.00
3031.68,300.02,0.00
3032.68,300.08,0.00
3033.68,300.02,0.00
3034.69,300.02,0.00
3035.69,299.96,0.00
3036.69,300.02,0.00
3037.69,300.08,0.00
3038.70,300.02,0.00
3039.70,300.02,0.00
3040.70,300.08,0.00
3041.70,300.02,0.00
3042.70,300.08,0.00
3043.70,300.02,0.00
3044.70,300.02,0.00
3045.70,300.08,0.00
3046.70,300.02,0.00
3047.70,300.02,0.00
3048.71,300.02,0.00
3049.71,300.08,0.00
3050.71,300.02,0.00
3051.71,299.96,0.00
3052.71,300.08,0.00
3053.71,299.96,0.00
3054.71,300.02,0.00
3055.71,299.96,0.00
3056.71,299.96,0.00
3057.72,300.08,0.00
3058.72,299.96,0.00
3059.72,300.02,0.00
3060.72,300.08,0.00
3061.72,300.02,0.00
3062.72,300.02,0.00
3063.72,300.02,0.00
3064.73,300.02,0.00
3065.73,299.96,0.00
3066.73,300.02,0.00
3067.73,300.02,0.00
3068.73,299.96,0.00
3070.74,300.14,0.00
3071.74,299.96,0.00
3072.74,300.02,0.00
3074.74,300.02,0.00
3075.74,300.02,0.00
3077.74,300.02,0.00
3078.75,300.02,0.00
3079.75,300.02,0.00
3081.75,300.02,0.00
3082.75,256.28,0.00
3083.75,196.30,0.00
3084.75,136.13,0.00
3085.75,75.82,0.00
3086.75,15.74,0.00
3087.75,264.24,0.00
3088.76,253.34,0.00
3089.76,139.99,0.00
3090.76,80.36,0.00
3091.76,14.33,0.00
3092.76,-0.19,0.00
3093.76,-0.19,0.00
3094.76,-0.12,0.00
3095.76,-0.12,0.00
3096.76,-0.06,0.00
3097.76,-0.06,0.00
3098.76,-0.19,0.00
3099.76,-0.06,0.00
3101.77,-0.19,0.00
3102.77,-0.12,0.00
3103.77,-0.12,0.00
3104.77,-0.12,0.00
3105.77,-0.12,0.00
3106.78,100.53,0.00
3107.78,200.82,0.00
3108.78,301.24,0.00
3109.78,401.57,0.00
3110.78,500.49,0.00
3111.78,500.12,0.00
3112.78,500.00,0.00
3113.78,500.06,0.00
3114.78,500.00,0.00
3115.78,497.06,0.00
3116.78,396.37,0.00
3117.79,296.10,0.00
3118.79,195.81,0.00
3119.79,95.38,0.00
3120.79,466.33,0.00
3121.79,353.50,0.00
3122.79,278.02,0.00
3123.79,151.44,0.00
3124.79,76.31,0.00
3125.79,-0.37,0.00
3126.80,-0.12,0.00
3127.80,-0.06,0.00
3128.80,-0.12,0.00
3129.80,-0.06,0.00
3130.80,-0.12,0.00
3131.81,60.74,0.00
3132.81,121.49,0.00
3133.81,181.55,0.00
3134.81,241.89,0.00
3135.81,300.38,0.00
3136.81,300.02,0.00
3137.81,300.02,0.00
3138.81,300.08,0.00
3139.81,300.02,0.00
3140.82,299.96,0.00
3141.82,299.96,0.00
3142.82,299.96,0.00
3143.82,300.02,0.00
3144.82,300.02,0.00
3145.82,300.02,0.00
3146.82,300.02,0.00
3148.82,300.08,0.00
3149.82,300.02,0.00
3150.83,300.02,0.00
3151.83,300.02,0.00
3152.83,300.02,0.00
3153.83,300.02,0.00
3154.83,300.02,0.00
3155.83,300.02,0.00
3157.84,300.02,0.00
3158.84,299.96,0.00
3159.84,300.02,0.00
3160.84,299.96,0.00
3161.84,300.08,0.00
3162.84,300.08,0.00
3163.85,300.02,0.00
3164.85,300.08,0.00
3165.85,300.02,0.00
3166.85,300.02,0.00
3167.85,300.02,0.00
3168.85,300.08,0.00
3169.85,300.08,0.00
3170.85,300.02,0.00
3171.85,300.02,0.00
3172.85,300.02,0.00
3173.85,300.02,0.00
3174.85,300.02,0.00
3175.85,300.08,0.00
3176.86,300.02,0.00
3178.86,300.08,0.00
3179.86,299.96,0.00
3180.86,300.02,0.00
3181.86,299.96,0.00
3182.86,300.02,0.00
3183.86,300.02,0.00
3184.87,299.96,0.00
3185.87,300.02,0.00
3186.87,300.08,0.00
3188.87,300.02,0.00
3189.87,300.02,0.00
3190.87,300.02,0.00
3191.87,300.02,0.00
3192.88,300.02,0.00
3193.88,300.02,0.00
3194.88,300.08,0.00
3195.88,284.03,0.00
3196.88,223.83,0.00
3197.88,163.80,0.00
3199.89,43.33,0.00
3200.89,282.07,0.00
3201.89,239.75,0.00
3203.89,118.24,0.00
3204.89,57.43,0.00
3206.90,-0.19,0.00
3207.90,-0.12,0.00
3208.90,-0.12,0.00
3209.90,-0.12,0.00
3210.90,-0.12,0.00
3211.90,-0.12,0.00
3212.90,-0.12,0.00
3213.91,-0.12,0.00
3214.91,-0.06,0.00
3215.91,-0.12,0.00
3217.91,-0.12,0.00
3218.91,-0.06,0.00
3219.91,50.31,0.00
3220.91,150.76,0.00
3221.91,251.32,0.00
3222.92,351.60,0.00
3223.92,452.19,0.00
3224.92,500.18,0.00
3225.92,500.06,0.00
3226.92,500.00,0.00
3227.92,499.94,0.00
3228.92,500.06,0.00
3229.93,445.70,0.00
3231.93,245.01,0.00
3232.93,145.01,0.00
3233.93,44.74,0.00
3234.93,420.43,0.00
3235.93,319.13,0.00
3236.93,216.80,0.00
3237.93,115.91,0.00
3238.94,15.31,0.00
3239.94,-0.19,0.00
3240.94,-0.06,0.00
3241.94,-0.12,0.00
3242.94,-0.19,0.00
3243.94,-0.06,0.00
3244.94,30.21,0.00
3245.94,90.60,0.00
3246.94,150.95,0.00
3247.94,211.29,0.00
3248.95,271.53,0.00
3249.95,300.08,0.00
3250.95,300.08,0.00
3251.95,300.02,0.00
3252.95,300.02,0.00
3253.95,300.02,0.00
3254.95,299.89,0.00
3255.96,300.02,0.00
3256.96,300.08,0.00
3257.96,299.96,0.00
3258.96,300.02,0.00
3259.96,300.08,0.00
3260.96,299.96,0.00
3261.97,299.96,0.00
3262.97,300.02,0.00
3263.97,299.96,0.00
3264.97,300.02,0.00
3265.97,299.96,0.00
3266.97,300.02,0.00
3267.97,300.08,0.00
3268.97,300.02,0.00
3269.97,300.02,0.00
3270.98,300.08,0.00
3271.98,300.02,0.00
3272.99,300.02,0.00
3274.00,299.96,0.00
3275.00,300.02,0.00
3276.00,300.02,0.00
3277.00,299.89,0.00
3278.00,300.02,0.00
3279.00,300.02,0.00
3281.01,300.02,0.00
3282.01,300.08,0.00
3283.01,300.08,0.00
3284.01,299.96,0.00
3285.01,300.02,0.00
3286.01,299.96,0.00
3287.01,299.96,0.00
3288.01,300.08,0.00
3289.01,300.02,0.00
3290.02,300.02,0.00
3291.02,300.02,0.00
3292.02,300.02,0.00
3293.02,300.02,0.00
3294.02,300.02,0.00
3295.02,300.02,0.00
3297.02,300.02,0.00
3298.02,300.02,0.00
3299.03,300.02,0.00
3300.03,300.08,0.00
3301.03,300.02,0.00
3302.03,299.96,0.00
3303.03,299.96,0.00
3304.03,300.08,0.00
3305.04,300.08,0.00
3306.04,300.08,0.00
3307.05,299.96,0.00
3308.05,300.02,0.00
3309.05,300.02,0.00
3311.05,191.83,0.00
3312.05,131.11,0.00
3313.06,70.92,0.00
3314.06,10.96,0.00
3315.06,264.24,0.00
3316.07,204.25,0.00
3317.07,143.35,0.00
3319.07,17.52,0.00
3320.07,-0.25,0.00
3321.07,-0.06,0.00
3322.07,-0.00,0.00
3323.07,-0.19,0.00
3324.07,-0.12,0.00
3325.07,-0.06,0.00
3326.08,-0.12,0.00
3327.08,-0.12,0.00
3328.08,-0.12,0.00
3329.08,-0.12,0.00
3330.08,-0.12,0.00
3331.08,-0.12,0.00
3332.08,-0.19,0.00
3333.08,-0.12,0.00
3334.08,100.59,0.00
3335.08,200.95,0.00
3336.08,301.18,0.00
3337.08,401.76,0.00
3339.09,500.00,0.00
3340.09,500.06,0.00
3341.09,500.00,0.00
3342.09,500.12,0.00
3343.09,496.51,0.00
3344.09,395.82,0.00
3345.09,295.48,0.00
3346.09,195.19,0.00
3347.10,94.83,0.00
3348.10,476.74,0.00
3349.10,379.16,0.00
3351.10,177.02,0.00
3352.10,74.66,0.00
3353.10,-0.37,0.00
3354.10,-0.12,0.00
3356.10,-0.19,0.00
3357.10,-0.06,0.00
3358.11,-0.12,0.00
3359.11,60.49,0.00
3360.11,120.69,0.00
3361.11,181.00,0.00
3362.12,241.16,0.00
3363.12,300.45,0.00
3364.12,300.08,0.00
3365.12,300.02,0.00
3366.12,300.02,0.00
3367.12,300.08,0.00
3368.12,300.02,0.00
3369.12,300.02,0.00
3370.12,300.08,0.00
3371.12,300.02,0.00
3372.12,299.96,0.00
3373.13,300.02,0.00
3374.13,299.96,0.00
3375.13,300.08,0.00
3376.13,300.02,0.00
3377.13,299.96,0.00
3378.13,300.08,0.00
3379.13,300.02,0.00
3380.13,300.02,0.00
3381.13,300.02,0.00
3382.13,299.96,0.00
3383.13,300.02,0.00
3384.14,299.96,0.00
3385.14,300.02,0.00
3386.14,300.02,0.00
3387.14,299.96,0.00
3389.14,299.96,0.00
3390.14,299.96,0.00
3391.14,300.08,0.00
3392.14,300.02,0.00
3393.14,300.08,0.00
3394.15,300.02,0.00
3395.15,299.96,0.00
3396.15,300.02,0.00
3397.15,300.02,0.00
3399.16,300.02,0.00
3400.16,300.08,0.00
3401.17,300.02,0.00
3403.17,300.02,0.00
3404.18,300.02,0.00
3405.18,300.08,0.00
3406.19,300.02,0.00
3407.19,300.02,0.00
3409.19,299.96,0.00
3410.19,300.08,0.00
3411.19,299.96,0.00
3412.20,300.08,0.00
3413.20,300.02,0.00
3414.20,300.02,0.00
3415.20,300.08,0.00
3416.20,300.02,0.00
3417.20,300.02,0.00
3418.20,300.02,0.00
3419.20,300.02,0.00
3420.20,300.02,0.00
3421.20,300.08,0.00
3424.21,224.63,0.00
3425.21,164.41,0.00
3426.21,104.21,0.00
3427.21,44.12,0.00
3428.21,285.99,0.00
3429.21,239.44,0.00
3430.22,178.73,0.00
3431.22,118.24,0.00
3432.22,57.73,0.00
3433.22,-0.37,0.00
3434.22,-0.12,0.00
3437.22,-0.12,0.00
3438.23,-0.12,0.00
3439.23,-0.12,0.00
3440.23,-0.12,0.00
3441.23,-0.06,0.00
3442.23,-0.12,0.00
3475.53,-0.12,0.00
3476.53,-0.12,0.00
3477.53,-0.19,0.00
3478.53,-0.12,0.00
3479.54,-0.12,0.00
3480.54,-0.12,0.00
3481.54,-0.19,0.00
3482.54,-0.19,0.00
3483.54,50.44,0.00
3484.54,150.70,0.00
3485.54,251.14,0.00
3486.54,351.24,0.00
3487.54,451.58,0.00
3488.55,500.30,0.00
3489.55,500.00,0.00
3490.55,500.00,0.00
3491.55,499.94,0.00
3492.55,500.00,0.00
3493.56,444.91,0.00
3494.56,344.93,0.00
3495.56,244.34,0.00
3496.56,144.03,0.00
3497.56,43.69,0.00
3498.56,440.44,0.00
3499.56,337.76,0.00
3500.56,236.44,0.00
3501.56,135.70,0.00
3503.56,-0.25,0.00
3504.56,-0.12,0.00
3505.57,-0.19,0.00
3506.57,-0.12,0.00
3508.57,30.27,0.00
3509.57,91.15,0.00
3510.57,151.37,0.00
3511.57,211.53,0.00
3512.57,271.90,0.00
3513.57,300.20,0.00
3514.58,300.02,0.00
3515.58,300.02,0.00
3516.58,299.96,0.00
3517.58,299.96,0.00
3518.58,300.02,0.00
3519.58,300.02,0.00
3521.58,299.96,0.00
3522.58,299.96,0.00
3523.58,300.02,0.00
3524.59,300.02,0.00
3525.59,300.02,0.00
3526.59,299.96,0.00
3528.59,299.96,0.00
3529.59,300.02,0.00
3530.59,300.08,0.00
3531.60,300.02,0.00
3532.60,299.96,0.00
3533.60,300.02,0.00
3534.60,300.14,0.00
3535.60,300.08,0.00
3536.60,300.02,0.00
3537.60,299.96,0.00
3538.60,300.02,0.00
3539.60,299.96,0.00
3540.60,299.96,0.00
3541.60,299.96,0.00
3542.61,300.02,0.00
3543.61,300.02,0.00
3544.61,300.02,0.00
3545.61,300.08,0.00
3546.61,299.96,0.00
3547.61,300.02,0.00
3548.61,300.02,0.00
3549.62,299.96,0.00
3550.62,300.08,0.00
3551.62,300.02,0.00
3553.62,300.08,0.00
3554.62,299.96,0.00
3555.62,300.02,0.00
3556.62,299.96,0.00
3557.62,300.02,0.00
3558.62,300.08,0.00
3559.62,300.02,0.00
3560.62,299.96,0.00
3561.63,300.02,0.00
3562.63,300.08,0.00
3563.63,300.02,0.00
3564.63,300.08,0.00
3565.63,300.02,0.00
3566.63,300.08,0.00
3567.63,299.96,0.00
3568.63,299.89,0.00
3569.63,299.96,0.00
3570.64,300.08,0.00
3571.64,300.08,0.00
3572.64,300.08,0.00
3573.64,237.36,0.00
3574.64,181.73,0.00
3575.64,137.11,0.00
3576.65,77.29,0.00
3577.65,-1.84,0.00
3578.65,277.84,0.00
3579.65,265.04,0.00
3580.65,153.03,0.00
3581.65,93.78,0.00
3582.66,33.39,0.00
3583.66,-0.25,0.00
3584.66,-0.19,0.00
3585.66,-0.12,0.00
3586.66,-0.19,0.00
3587.66,-0.06,0.00
3588.66,-0.00,0.00
3589.66,-0.19,0.00
3590.66,-0.06,0.00
3591.66,-0.12,0.00
3592.66,-0.12,0.00
3593.67,-0.12,0.00
3594.67,-0.12,0.00
3595.67,-0.12,0.00
3596.68,-0.19,0.00
3597.68,100.53,0.00
3598.68,201.01,0.00
3599.68,301.49,0.00
3600.68,401.57,0.00
3601.68,500.36,0.00
3602.68,499.94,0.00
3603.68,500.18,0.00
3604.68,500.12,0.00
3605.68,500.00,0.00
3606.68,497.24,0.00
3607.68,396.43,0.00
3608.68,296.10,0.00
3609.69,195.93,0.00
3610.69,95.32,0.00
3611.69,472.63,0.00
3612.69,379.47,0.00
3613.69,278.57,0.00
3614.69,177.02,0.00
3615.69,75.94,0.00
3616.69,55.65,0.00
3617.69,-18.50,0.00
3618.69,-0.25,0.00
3619.69,-0.19,0.00
3620.70,-0.06,0.00
3621.70,-0.06,0.00
3622.70,60.49,0.00
3623.70,75.33,0.00
3624.70,166.68,0.00
3625.70,241.40,0.00
3626.70,300.38,0.00
3627.70,300.08,0.00
3628.71,300.02,0.00
3629.71,300.02,0.00
3630.71,300.02,0.00
3632.71,300.02,0.00
3633.71,300.02,0.00
3634.71,299.96,0.00
3635.72,299.96,0.00
3636.72,299.96,0.00
3637.72,299.89,0.00
3638.72,300.02,0.00
3639.72,300.02,0.00
3640.72,300.08,0.00
3641.72,300.02,0.00
3642.72,300.02,0.00
3643.72,299.96,0.00
3644.72,300.02,0.00
3645.73,299.96,0.00
3646.73,299.96,0.00
3647.73,300.08,0.00
3648.73,300.02,0.00
3649.73,300.02,0.00
3650.73,300.02,0.00
3651.73,300.08,0.00
3653.74,299.96,0.00
3654.74,300.02,0.00
3655.74,299.96,0.00
3656.74,299.96,0.00
3657.74,300.08,0.00
3658.74,299.96,0.00
3659.74,300.08,0.00
3660.74,300.08,0.00
3661.74,300.02,0.00
3662.74,299.96,0.00
3663.74,300.02,0.00
3664.75,300.02,0.00
3665.75,300.08,0.00
3666.75,300.08,0.00
3667.75,300.02,0.00
3668.75,300.02,0.00
3669.75,300.02,0.00
3670.75,299.96,0.00
3671.75,299.89,0.00
3672.75,300.08,0.00
3673.75,299.96,0.00
3674.76,300.14,0.00
3675.76,300.02,0.00
3676.76,300.02,0.00
3677.76,300.02,0.00
3678.76,300.02,0.00
3679.76,300.08,0.00
3680.76,300.02,0.00
3681.76,300.08,0.00
3682.76,300.08,0.00
3683.76,300.08,0.00
3684.77,299.96,0.00
3685.77,300.02,0.00
3686.77,287.52,0.00
3687.77,225.36,0.00
3688.77,168.76,0.00
3689.77,109.48,0.00
3690.77,48.60,0.00
3691.77,107.15,0.00
3692.77,237.91,0.00
3693.77,175.37,0.00
3694.77,129.70,0.00
3695.77,52.95,0.00
3696.78,8.02,0.00
3697.78,-0.19,0.00
3698.78,-0.12,0.00
3699.78,-0.19,0.00
3700.78,-0.12,0.00
3701.78,-0.12,0.00
3702.78,-0.06,0.00
3703.78,-0.12,0.00
3705.79,-0.12,0.00
3706.79,-0.12,0.00
3708.79,-0.12,0.00
3709.79,-0.06,0.00
3710.79,50.50,0.00
3711.79,151.13,0.00
3712.79,251.56,0.00
3713.80,352.09,0.00
3715.80,500.18,0.00
3716.80,500.12,0.00
3718.80,500.00,0.00
3719.80,500.00,0.00
3720.80,445.40,0.00
3721.81,345.05,0.00
3722.81,244.71,0.00
3723.81,144.33,0.00
3724.81,44.06,0.00
3725.81,440.93,0.00
3726.81,337.94,0.00
3727.81,237.12,0.00
3728.81,136.25,0.00
3729.81,34.99,0.00
3730.81,-0.25,0.00
3731.81,-0.12,0.00
3732.82,-0.06,0.00
3733.82,-0.19,0.00
3734.82,-0.12,0.00
3735.82,30.33,0.00
3736.82,90.72,0.00
3738.82,210.92,0.00
3739.83,271.16,0.00
3740.83,300.14,0.00
3741.83,300.08,0.00
3742.83,300.08,0.00
3743.83,300.08,0.00
3744.83,299.96,0.00
3745.83,300.02,0.00
3746.83,300.02,0.00
3747.84,300.02,0.00
3748.84,299.96,0.00
3749.84,300.08,0.00
3750.84,299.96,0.00
3751.84,299.96,0.00
3752.84,300.08,0.00
3753.84,300.02,0.00
3754.84,300.02,0.00
3755.84,299.96,0.00
3756.84,300.02,0.00
3757.85,300.02,0.00
3758.85,300.08,0.00
3759.85,300.14,0.00
3760.85,300.02,0.00
3761.85,300.02,0.00
3762.85,300.02,0.00
3763.85,299.96,0.00
3764.85,300.08,0.00
3765.85,299.96,0.00
3766.85,300.02,0.00
3767.85,300.08,0.00
3769.86,299.96,0.00
3770.86,300.02,0.00
3771.86,300.02,0.00
3772.86,300.02,0.00
3773.86,300.02,0.00
3775.86,299.96,0.00
3776.86,299.89,0.00
3777.87,299.96,0.00
3779.87,300.08,0.00
3780.87,300.08,0.00
3781.87,299.96,0.00
3783.87,300.02,0.00
3784.87,299.96,0.00
3785.88,300.02,0.00
3786.88,299.96,0.00
3787.88,300.02,0.00
3788.88,300.02,0.00
3789.88,299.96,0.00
3790.88,300.02,0.00
3791.88,300.08,0.00
3792.88,300.02,0.00
3793.89,299.96,0.00
3794.89,300.02,0.00
3795.89,300.08,0.00
3796.89,300.02,0.00
3797.90,299.96,0.00
3798.90,300.02,0.00
3799.90,300.02,0.00
3800.90,257.81,0.00
3801.91,195.99,0.00
3802.91,113.95,0.00
3803.91,57.00,0.00
3804.91,-3.80,0.00
3805.91,278.02,0.00
3806.91,214.35,0.00
3807.92,153.15,0.00
3808.92,92.80,0.00
3809.92,33.33,0.00
3810.92,-0.25,0.00
3811.92,-0.19,0.00
3813.93,-0.12,0.00
3814.93,-0.19,0.00
3816.93,-0.12,0.00
3817.93,-0.06,0.00
3818.93,-0.06,0.00
3819.93,-0.12,0.00
3821.93,-0.12,0.00
3822.94,-0.12,0.00
3823.94,-0.06,0.00
3824.94,101.32,0.00
3825.94,201.38,0.00
3827.94,402.37,0.00
3828.94,500.61,0.00
3829.94,500.06,0.00
3830.94,500.00,0.00
3831.95,500.06,0.00
3832.95,500.06,0.00
3833.95,496.45,0.00
3834.95,395.45,0.00
3836.95,195.19,0.00
3837.95,94.77,0.00
3838.95,465.05,0.00
3839.96,370.16,0.00
3840.96,267.92,0.00
3841.96,167.78,0.00
3842.96,96.24,0.00
3844.96,-0.19,0.00
3845.97,-0.12,0.00
3847.97,-0.12,0.00
3848.97,-0.12,0.00
3849.97,60.49,0.00
3850.97,121.06,0.00
3851.97,181.12,0.00
3852.97,241.22,0.00
3853.97,300.38,0.00
3854.97,300.02,0.00
3855.97,300.02,0.00
3856.98,299.96,0.00
3857.98,300.08,0.00
3858.98,300.02,0.00
3859.98,299.96,0.00
3860.99,300.02,0.00
3861.99,299.96,0.00
3862.99,299.96,0.00
3863.99,300.08,0.00
3864.99,299.96,0.00
3865.99,299.96,0.00
3866.99,300.02,0.00
3867.99,300.02,0.00
3868.99,299.96,0.00
3869.99,300.02,0.00
3870.99,300.02,0.00
3872.00,299.96,0.00
3873.00,300.02,0.00
3874.00,300.08,0.00
3875.00,300.02,0.00
3876.00,299.96,0.00
3877.01,300.08,0.00
3878.01,300.02,0.00
3879.01,300.02,0.00
3880.01,300.02,0.00
3881.01,300.02,0.00
3882.01,299.89,0.00
3883.01,299.89,0.00
3884.01,299.89,0.00
3885.02,300.08,0.00
3886.02,299.96,0.00
3887.02,299.96,0.00
3888.02,299.96,0.00
3889.02,300.02,0.00
3890.02,299.89,0.00
3891.02,299.96,0.00
3892.02,300.02,0.00
3893.02,300.02,0.00
3894.02,299.96,0.00
3895.02,300.02,0.00
3896.02,300.02,0.00
3897.03,300.02,0.00
3898.03,299.96,0.00
3899.03,300.02,0.00
3900.03,300.08,0.00
3901.03,299.89,0.00
3902.03,300.08,0.00
3903.03,300.02,0.00
3904.04,300.02,0.00
3905.04,300.02,0.00
3906.04,299.96,0.00
3907.05,300.02,0.00
3908.05,299.96,0.00
3909.05,300.02,0.00
3910.05,300.08,0.00
3911.05,300.02,0.00
3912.05,300.02,0.00
3913.05,300.02,0.00
3915.06,230.50,0.00
3916.06,170.66,0.00
3917.06,109.23,0.00
3918.06,49.40,0.00
3919.06,94.89,0.00
3920.06,233.75,0.00
3921.06,189.57,0.00
3922.06,128.41,0.00
3923.06,65.64,0.00
3924.06,4.96,0.00
3925.06,-0.19,0.00
3926.07,-0.06,0.00
3927.07,-0.06,0.00
3928.07,-0.12,0.00
3929.07,-0.19,0.00
3930.07,-0.12,0.00
3931.07,-0.12,0.00
3933.07,-0.06,0.00
3934.08,-0.19,0.00
3935.28,-0.06,0.00
3936.28,-0.19,0.00
3937.28,-0.19,0.00
3938.28,-0.06,0.00
3939.28,-0.06,0.00
3940.28,-0.06,0.00
3941.28,-0.12,0.00
3942.28,-0.06,0.00
3943.28,-0.12,0.00
3944.28,50.31,0.00
3945.29,151.07,0.00
3946.29,251.14,0.00
3947.29,351.79,0.00
3948.29,452.38,0.00
3949.29,500.18,0.00
3950.29,500.00,0.00
3951.29,499.94,0.00
3952.29,500.06,0.00
3953.30,500.00,0.00
3954.30,443.50,0.00
3955.30,343.09,0.00
3956.30,242.75,0.00
3957.30,142.62,0.00
3958.30,42.10,0.00
3959.30,418.96,0.00
3960.30,319.44,0.00
3961.30,219.92,0.00
3962.30,110.58,0.00
3963.30,18.19,0.00
3964.30,-0.19,0.00
3965.31,-0.25,0.00
3966.31,-0.12,0.00
3968.31,-0.06,0.00
3969.31,30.45,0.00
3970.31,90.60,0.00
3971.31,150.95,0.00
3972.31,211.04,0.00
3973.32,211.04,0.00
3974.32,299.71,0.00
3975.32,300.08,0.00
3976.33,300.02,0.00
3977.33,300.02,0.00
3978.33,299.96,0.00
3979.33,300.02,0.00
3980.33,299.89,0.00
3981.33,299.96,0.00
3982.34,299.96,0.00
3983.34,300.02,0.00
3984.34,300.02,0.00
3985.34,300.02,0.00
3986.34,300.08,0.00
3987.34,300.08,0.00
3988.34,300.08,0.00
3989.34,299.96,0.00
3990.34,299.96,0.00
3991.35,300.02,0.00
3992.35,300.02,0.00
3993.35,300.02,0.00
3994.35,300.08,0.00
3995.35,300.08,0.00
3996.36,300.02,0.00
3997.36,300.02,0.00
3998.36,300.02,0.00
3999.36,299.96,0.00
4001.36,300.02,0.00
4002.37,300.08,0.00
4003.37,299.96,0.00
4004.37,300.08,0.00
4005.37,300.08,0.00
4006.37,300.02,0.00
4007.37,300.02,0.00
4008.37,299.96,0.00
4009.37,300.02,0.00
4010.38,299.96,0.00
4011.38,300.02,0.00
4012.38,300.08,0.00
4013.38,300.02,0.00
4015.38,299.96,0.00
4016.38,300.02,0.00
4017.38,300.02,0.00
4018.38,300.08,0.00
4019.39,300.02,0.00
4020.39,300.02,0.00
4021.39,300.02,0.00
4022.40,300.08,0.00
4023.40,300.02,0.00
4024.40,300.02,0.00
4025.40,300.02,0.00
4026.40,300.02,0.00
4027.40,300.08,0.00
4028.40,300.02,0.00
4029.40,299.96,0.00
4031.41,299.96,0.00
4032.41,299.96,0.00
4033.41,299.96,0.00
4034.41,255.79,0.00
4035.41,195.44,0.00
4036.41,135.09,0.00
4037.42,75.09,0.00
4038.42,14.95,0.00
4039.42,264.61,0.00
4040.42,202.42,0.00
4041.42,141.52,0.00
4042.42,91.76,0.00
4043.42,28.55,0.00
4044.42,-0.25,0.00
4045.42,-0.12,0.00
4046.43,-0.06,0.00
4047.43,-0.12,0.00
4048.43,-0.12,0.00
4049.43,-0.12,0.00
4050.43,-0.19,0.00
4051.43,0.24,0.00
4052.43,-0.19,0.00
4053.43,-0.06,0.00
4054.43,-0.12,0.00
4055.43,-0.19,0.00
4056.43,-0.19,0.00
4057.44,-0.19,0.00
4058.44,103.16,0.00
4060.44,303.82,0.00
4061.44,404.20,0.00
4062.44,500.49,0.00
4063.44,500.00,0.00
4064.45,500.00,0.00
4065.45,500.00,0.00
4066.45,500.00,0.00
4067.45,494.73,0.00
4068.45,393.25,0.00
4069.45,292.24,0.00
4070.45,191.95,0.00
4071.45,91.52,0.00
4072.45,471.41,0.00
4073.45,378.37,0.00
4074.46,277.29,0.00
4075.46,176.59,0.00
4076.46,75.88,0.00
4077.46,-0.49,0.00
4078.46,-0.12,0.00
4079.46,-0.19,0.00
4080.46,-0.19,0.00
4081.46,-0.06,0.00
4082.47,-0.06,0.00
4084.47,120.69,0.00
4085.47,180.75,0.00
4086.47,240.97,0.00
4087.47,300.45,0.00
4088.47,300.08,0.00
4089.47,300.02,0.00
4090.47,299.96,0.00
4091.47,300.02,0.00
4092.48,300.02,0.00
4093.48,299.96,0.00
4094.48,300.02,0.00
4095.48,300.02,0.00
4096.48,300.02,0.00
4097.48,300.02,0.00
4100.49,300.02,0.00
4101.49,299.96,0.00
4102.49,299.96,0.00
4103.49,300.02,0.00
4104.49,299.89,0.00
4107.50,300.02,0.00
4108.50,299.96,0.00
4109.50,300.08,0.00
4110.50,300.02,0.00
4112.50,300.08,0.00
4113.51,300.02,0.00
4114.51,300.02,0.00
4115.51,299.96,0.00
4116.51,300.02,0.00
4117.52,299.96,0.00
4118.53,300.02,0.00
4119.53,300.08,0.00
4120.53,300.08,0.00
4121.53,300.02,0.00
4122.53,299.96,0.00
4123.53,300.02,0.00
4124.53,300.02,0.00
4125.53,300.02,0.00
4126.53,300.02,0.00
4127.53,299.96,0.00
4128.53,300.08,0.00
4129.53,300.08,0.00
4130.53,300.02,0.00
4131.53,300.08,0.00
4132.54,300.02,0.00
4133.54,299.89,0.00
4134.54,300.02,0.00
4135.54,300.02,0.00
4136.54,299.96,0.00
4137.54,299.96,0.00
4138.54,299.96,0.00
4139.54,300.08,0.00
4140.54,300.08,0.00
4141.55,300.02,0.00
4142.55,300.08,0.00
4143.55,300.08,0.00
4144.55,300.02,0.00
4145.55,300.02,0.00
4146.55,300.02,0.00
4147.55,281.88,0.00
4148.55,204.92,0.00
4149.55,188.89,0.00
4151.56,68.28,0.00
4152.56,72.33,0.00
4154.56,180.88,0.00
4155.56,115.67,0.00
4156.56,69.14,0.00
4157.56,8.70,0.00
4158.56,-0.25,0.00
4159.57,-0.19,0.00
4160.57,-0.19,0.00
4161.57,-0.12,0.00
4162.57,-0.06,0.00
4163.57,-0.12,0.00
4164.57,-0.06,0.00
4165.57,-0.19,0.00
4167.58,-0.19,0.00
4168.58,-0.12,0.00
4169.58,-0.06,0.00
4170.58,-0.00,0.00
4171.58,50.38,0.00
4172.58,151.01,0.00
4173.58,251.20,0.00
4174.58,351.36,0.00
4175.58,451.95,0.00
4176.59,500.24,0.00
4177.59,500.06,0.00
4178.59,500.00,0.00
4179.59,500.00,0.00
4180.59,500.00,0.00
4181.59,445.77,0.00
4182.59,345.54,0.00
4184.59,143.90,0.00
4185.59,42.96,0.00
4186.60,440.26,0.00
4187.60,338.49,0.00
4188.60,237.79,0.00
4189.60,137.78,0.00
4190.60,34.93,0.00
4191.60,-0.25,0.00
4192.60,-0.12,0.00
4193.60,-0.06,0.00
4194.60,-0.06,0.00
4196.61,30.58,0.00
4197.61,90.41,0.00
4198.61,150.58,0.00
4199.61,211.35,0.00
4200.61,270.98,0.00
4201.61,300.14,0.00
4202.61,300.02,0.00
4203.61,300.02,0.00
4204.61,300.08,0.00
4205.61,300.02,0.00
4206.62,299.96,0.00
4207.62,299.96,0.00
4208.62,300.02,0.00
4209.62,299.96,0.00
4210.62,300.02,0.00
4211.63,300.08,0.00
4212.63,300.02,0.00
4213.63,300.02,0.00
4214.63,300.08,0.00
4215.63,300.02,0.00
4216.63,300.02,0.00
4217.63,300.08,0.00
4218.63,299.96,0.00
4219.63,300.02,0.00
4220.63,300.02,0.00
4221.64,300.02,0.00
4222.64,299.96,0.00
4223.64,300.02,0.00
4224.64,300.08,0.00
4225.64,300.02,0.00
4227.64,300.08,0.00
4228.64,300.08,0.00
4229.65,300.02,0.00
4230.65,299.96,0.00
4231.93,300.02,0.00
4232.94,300.02,0.00
4233.94,300.02,0.00
4234.94,299.96,0.00
4236.96,300.02,0.00
4237.96,300.02,0.00
4238.96,299.96,0.00
4239.96,300.02,0.00
4240.96,300.02,0.00
4241.96,300.08,0.00
4242.96,300.02,0.00
4243.96,300.08,0.00
4244.97,299.96,0.00
4245.97,300.14,0.00
4246.97,300.02,0.00
4247.97,299.96,0.00
4248.97,300.14,0.00
4249.97,300.02,0.00
4250.97,299.96,0.00
4251.97,299.96,0.00
4252.97,300.02,0.00
4253.97,299.96,0.00
4254.97,299.96,0.00
4255.97,300.02,0.00
4256.97,300.02,0.00
4257.98,300.02,0.00
4258.98,300.02,0.00
4259.98,299.96,0.00
4260.98,300.08,0.00
4261.98,242.38,0.00
4262.98,180.63,0.00
4263.98,121.00,0.00
4264.98,64.66,0.00
4265.98,145.13,0.00
4266.98,241.58,0.00
4267.99,203.09,0.00
4269.99,52.58,0.00
4270.99,8.21,0.00
4271.99,-0.12,0.00
4272.99,-0.12,0.00
4274.00,-0.12,0.00
4275.00,-0.12,0.00
4277.00,-0.19,0.00
4278.00,-0.12,0.00
4279.00,-0.12,0.00
4280.01,-0.12,0.00
4281.01,-0.12,0.00
4282.01,-0.12,0.00
4283.01,-0.06,0.00
4284.01,-0.12,0.00
4285.01,50.38,0.00
4286.01,150.82,0.00
4287.01,251.07,0.00
4288.01,351.48,0.00
4290.02,500.24,0.00
4291.02,500.12,0.00
4292.02,500.06,0.00
4293.02,500.06,0.00
4294.02,500.00,0.00
4295.02,445.83,0.00
4296.02,345.54,0.00
4297.02,245.32,0.00
4298.02,145.13,0.00
4299.02,44.80,0.00
4300.03,440.62,0.00
4301.03,338.80,0.00
4302.03,236.87,0.00
4303.03,135.76,0.00
4304.03,35.11,0.00
4305.03,-0.25,0.00
4306.03,-0.12,0.00
4307.04,-0.12,0.00
4308.04,-0.12,0.00
4309.04,-0.06,0.00
4310.04,30.27,0.00
4311.04,30.21,0.00
4312.04,149.91,0.00
4313.04,211.59,0.00
4314.05,271.84,0.00
4315.05,300.14,0.00
4316.05,300.08,0.00
4317.05,300.02,0.00
4318.05,300.08,0.00
4319.05,300.02,0.00
4320.06,299.96,0.00
4321.06,299.96,0.00
4322.06,299.96,0.00
4323.06,300.02,0.00
4324.06,300.02,0.00
4325.06,300.02,0.00
4326.06,300.02,0.00
4327.06,300.02,0.00
4328.06,300.02,0.00
4329.06,299.96,0.00
4330.07,300.02,0.00
4331.07,300.02,0.00
4333.07,300.08,0.00
4334.07,300.02,0.00
4335.07,300.02,0.00
4336.07,299.96,0.00
4337.07,300.02,0.00
4338.07,300.02,0.00
4339.07,299.96,0.00
4340.07,299.96,0.00
4341.07,300.02,0.00
4342.07,300.08,0.00
4343.08,299.96,0.00
4344.08,300.08,0.00
4345.08,300.08,0.00
4346.08,300.02,0.00
4347.08,300.08,0.00
4348.08,299.96,0.00
4349.08,300.08,0.00
4350.08,299.96,0.00
4351.08,300.02,0.00
4352.09,300.02,0.00
4353.09,300.08,0.00
4354.09,300.02,0.00
4355.09,300.02,0.00
4356.09,300.02,0.00
4357.10,300.02,0.00
4358.10,300.02,0.00
4359.10,299.96,0.00
4360.10,300.02,0.00
4361.10,300.08,0.00
4362.10,299.96,0.00
4363.10,300.02,0.00
4364.10,300.02,0.00
4365.10,300.02,0.00
4366.11,300.08,0.00
4367.11,300.08,0.00
4368.11,300.02,0.00
4369.11,300.08,0.00
4370.11,300.08,0.00
4371.11,300.08,0.00
4372.11,300.02,0.00
4373.11,300.02,0.00
4374.11,300.02,0.00
4376.12,194.77,0.00
4378.12,74.23,0.00
4379.12,16.30,0.00
4380.12,277.41,0.00
4381.12,227.51,0.00
4383.13,93.72,0.00
4384.13,33.46,0.00
4385.13,-0.19,0.00
4386.13,-0.12,0.00
4387.13,-0.12,0.00
4388.13,-0.12,0.00
4389.13,-0.06,0.00
4390.13,-0.06,0.00
4391.14,-0.12,0.00
4392.14,-0.12,0.00
4393.14,-0.12,0.00
4394.14,-0.06,0.00
4395.54,-0.12,0.00
4396.54,-0.06,0.00
4397.54,-0.12,0.00
4398.55,-0.12,0.00
4399.55,-0.06,0.00
4400.55,-0.12,0.00
4401.55,-0.12,0.00
4402.55,-0.12,0.00
4403.55,-0.12,0.00
4404.55,50.44,0.00
4405.55,151.25,0.00
4406.55,251.56,0.00
4407.55,351.67,0.00
4408.55,452.19,0.00
4409.56,500.24,0.00
4410.56,500.00,0.00
4411.56,500.06,0.00
4412.56,500.06,0.00
4413.56,500.06,0.00
4414.56,443.62,0.00
4415.56,342.48,0.00
4416.56,241.95,0.00
4417.56,141.88,0.00
4418.57,41.06,0.00
4419.57,440.50,0.00
4420.57,337.70,0.00
4421.57,236.63,0.00
4422.57,136.01,0.00
4423.57,34.74,0.00
4424.57,-0.25,0.00
4425.58,-0.19,0.00
4426.58,-0.19,0.00
4427.58,-0.12,0.00
4428.58,-0.12,0.00
4429.58,30.27,0.00
4430.58,90.60,0.00
4431.58,150.82,0.00
4432.58,211.04,0.00
4433.59,230.69,0.00
4434.59,327.40,0.00
4435.59,300.14,0.00
4436.59,300.02,0.00
4437.59,300.02,0.00
4438.59,300.08,0.00
4439.59,299.96,0.00
4440.59,300.08,0.00
4441.59,300.02,0.00
4442.59,300.02,0.00
4443.59,300.02,0.00
4444.60,299.96,0.00
4445.60,300.02,0.00
4446.60,300.02,0.00
4447.60,300.02,0.00
4448.60,300.02,0.00
4449.60,299.96,0.00
4450.60,300.14,0.00
4451.60,299.89,0.00
4452.60,300.08,0.00
4453.61,299.96,0.00
4454.61,299.96,0.00
4456.61,300.02,0.00
4457.61,300.08,0.00
4458.61,300.08,0.00
4459.61,300.02,0.00
4460.61,300.02,0.00
4462.62,300.02,0.00
4463.62,300.02,0.00
4464.62,300.02,0.00
4465.62,299.96,0.00
4466.62,300.02,0.00
4467.62,300.08,0.00
4468.63,300.02,0.00
4469.63,300.14,0.00
4470.63,300.08,0.00
4471.63,299.96,0.00
4472.63,300.08,0.00
4474.63,300.02,0.00
4475.63,300.02,0.00
4476.63,299.96,0.00
4477.63,300.02,0.00
4478.64,300.08,0.00
4479.64,300.02,0.00
4480.64,300.02,0.00
4481.64,300.08,0.00
4482.64,300.02,0.00
4483.64,300.02,0.00
4484.64,300.08,0.00
4485.64,299.96,0.00
4486.64,300.02,0.00
4487.64,300.02,0.00
4488.64,300.14,0.00
4489.65,299.96,0.00
4490.65,300.08,0.00
4491.65,300.02,0.00
4492.65,299.96,0.00
4493.65,300.08,0.00
4494.65,238.34,0.00
4496.65,139.07,0.00
4497.65,80.05,0.00
4498.65,-1.23,0.00
4499.66,278.02,0.00
4500.66,215.39,0.00
4501.66,154.93,0.00
4502.66,94.09,0.00
4504.67,-0.19,0.00
4505.67,-0.12,0.00
4506.67,-0.12,0.00
4508.67,-0.19,0.00
4509.67,-0.06,0.00
4510.68,-0.06,0.00
4511.68,-0.12,0.00
4512.68,-0.12,0.00
4513.68,-0.12,0.00
4514.68,-0.12,0.00
4515.68,-0.12,0.00
4516.68,-0.06,0.00
4517.68,-0.12,0.00
4518.69,100.41,0.00
4519.69,201.31,0.00
4520.69,301.67,0.00
4521.69,402.00,0.00
4522.69,500.43,0.00
4523.69,500.18,0.00
4524.70,500.12,0.00
4525.70,500.06,0.00
4526.70,500.00,0.00
4527.70,496.39,0.00
4528.70,395.57,0.00
4529.70,294.75,0.00
4530.70,194.52,0.00
4531.70,94.03,0.00
4532.70,463.88,0.00
4533.70,378.98,0.00
4534.70,268.83,0.00
4535.70,178.67,0.00
4536.70,79.87,0.00
4537.71,-0.43,0.00
4538.71,-0.06,0.00
4539.71,-0.06,0.00
4540.71,-0.12,0.00
4541.71,-0.12,0.00
4542.71,-0.06,0.00
4543.71,60.49,0.00
4544.71,120.94,0.00
4545.71,150.95,0.00
4547.72,300.75,0.00
4548.72,300.02,0.00
4549.72,300.08,0.00
4550.73,300.08,0.00
4551.73,300.02,0.00
4552.73,300.02,0.00
4553.73,300.02,0.00
4554.73,300.08,0.00
4555.74,299.96,0.00
4556.74,300.02,0.00
4557.74,299.96,0.00
4558.74,300.14,0.00
4559.74,299.96,0.00
4560.74,299.96,0.00
4561.75,300.02,0.00
4562.75,300.08,0.00
4563.75,300.08,0.00
4564.75,300.08,0.00
4565.75,299.96,0.00
4566.75,300.02,0.00
4567.75,300.08,0.00
4568.75,300.02,0.00
4569.75,300.08,0.00
4570.76,300.08,0.00
4572.76,300.02,0.00
4574.76,299.96,0.00
4575.76,300.02,0.00
4576.76,300.08,0.00
4577.76,300.02,0.00
4578.76,300.02,0.00
4579.76,299.96,0.00
4580.76,300.02,0.00
4581.77,300.02,0.00
4582.77,299.96,0.00
4583.77,300.02,0.00
4585.78,299.96,0.00
4586.78,300.08,0.00
4587.78,300.02,0.00
4588.78,300.02,0.00
4589.78,299.96,0.00
4590.78,300.08,0.00
4591.78,300.02,0.00
4592.78,299.96,0.00
4593.78,300.02,0.00
4594.78,300.02,0.00
4595.79,300.02,0.00
4597.79,299.96,0.00
4598.79,300.02,0.00
4599.79,300.02,0.00
4600.79,300.02,0.00
4601.79,300.08,0.00
4602.79,299.96,0.00
4603.79,300.02,0.00
4604.79,299.96,0.00
4605.80,299.96,0.00
4606.80,300.02,0.00
4607.80,285.62,0.00
4608.80,226.83,0.00
4609.80,166.19,0.00
4610.80,106.60,0.00
4611.80,45.59,0.00
4612.80,205.17,0.00
4614.80,177.51,0.00
4615.81,119.34,0.00
4616.81,58.71,0.00
4617.81,0.86,0.00
4618.81,-0.25,0.00
4619.81,-0.12,0.00
4620.81,-0.12,0.00
4621.81,-0.12,0.00
4622.81,-0.12,0.00
4623.81,-0.12,0.00
4624.82,-0.12,0.00
4625.82,-0.00,0.00
4626.82,-0.06,0.00
4627.82,-0.12,0.00
4628.82,-0.12,0.00
4629.82,-0.12,0.00
4630.82,-0.12,0.00
4631.82,50.62,0.00
4632.82,150.82,0.00
4633.82,251.20,0.00
4634.82,351.79,0.00
4635.83,452.25,0.00
4636.83,500.24,0.00
4637.83,500.06,0.00
4638.83,500.00,0.00
4639.83,500.00,0.00
4640.83,499.94,0.00
4641.83,446.26,0.00
4642.83,344.68,0.00
4643.84,243.91,0.00
4644.84,143.84,0.00
4645.84,43.20,0.00
4646.84,416.45,0.00
4647.84,338.37,0.00
4648.89,237.54,0.00
4649.89,107.82,0.00
4650.89,35.48,0.00
4651.89,-0.19,0.00
4652.89,-0.19,0.00
4653.89,-0.19,0.00
4654.89,-0.19,0.00
4655.89,-0.12,0.00
4656.89,30.27,0.00
4657.90,90.60,0.00
4658.90,150.82,0.00
4659.90,211.10,0.00
4660.90,271.16,0.00
4661.90,300.14,0.00
4662.90,300.02,0.00
4663.91,299.96,0.00
4664.91,299.96,0.00
4665.91,299.96,0.00
4666.91,299.96,0.00
4667.91,300.08,0.00
4668.91,300.02,0.00
4669.91,299.96,0.00
4670.91,300.08,0.00
4671.91,300.02,0.00
4672.91,300.02,0.00
4673.91,299.96,0.00
4674.91,299.96,0.00
4676.92,300.02,0.00
4677.92,300.02,0.00
4678.92,300.02,0.00
4679.92,299.89,0.00
4680.94,300.02,0.00
4681.94,300.02,0.00
4682.94,299.83,0.00
4683.94,300.02,0.00
4684.94,300.02,0.00
4685.94,300.14,0.00
4686.94,299.96,0.00
4687.94,300.02,0.00
4688.94,300.08,0.00
4691.81,300.02,0.00
4692.81,300.02,0.00
4693.81,299.96,0.00
4694.81,299.96,0.00
4695.81,300.02,0.00
4697.81,300.02,0.00
4698.81,299.96,0.00
4699.82,300.08,0.00
4700.82,299.96,0.00
4702.82,300.20,0.00
4703.82,300.08,0.00
4704.82,300.02,0.00
4705.82,300.14,0.00
4706.82,300.02,0.00
4707.82,299.96,0.00
4708.83,299.96,0.00
4709.83,299.96,0.00
4710.83,300.08,0.00
4711.83,299.96,0.00
4712.83,300.02,0.00
4713.83,300.02,0.00
4714.83,300.02,0.00
4715.83,300.02,0.00
4716.83,300.08,0.00
4717.83,299.96,0.00
4718.83,299.89,0.00
4719.83,299.89,0.00
4720.84,300.02,0.00
4721.84,277.29,0.00
4722.84,217.16,0.00
4723.84,157.13,0.00
4724.84,96.79,0.00
4725.84,36.71,0.00
4726.84,285.86,0.00
4727.84,227.63,0.00
4728.84,166.86,0.00
4730.85,45.29,0.00
4731.86,-0.31,0.00
4732.86,-0.12,0.00
4733.86,-0.12,0.00
4734.86,-0.12,0.00
4735.86,-0.19,0.00
4736.86,-0.12,0.00
4737.86,-0.12,0.00
4738.86,-0.19,0.00
4739.86,-0.12,0.00
4740.87,-0.19,0.00
4741.87,-0.06,0.00
4742.87,-0.06,0.00
4743.87,-0.19,0.00
4745.87,100.34,0.00
4746.87,201.80,0.00
4748.87,403.41,0.00
4749.87,500.00,0.00
4750.88,500.18,0.00
4752.88,500.00,0.00
4753.88,500.00,0.00
4754.88,496.32,0.00
4755.88,395.08,0.00
4756.88,294.75,0.00
4757.88,194.34,0.00
4758.88,96.91,0.00
4759.88,280.60,0.00
4760.89,396.61,0.00
4761.89,297.14,0.00
4762.89,195.81,0.00
4763.89,98.01,0.00
4764.89,2.02,0.00
4765.89,-0.19,0.00
4766.92,-0.06,0.00
4767.92,-0.06,0.00
4768.96,-0.12,0.00
4769.97,-0.12,0.00
4770.97,60.55,0.00
4771.97,121.24,0.00
4772.97,181.30,0.00
4773.97,241.28,0.00
4774.98,300.26,0.00
4775.98,300.08,0.00
4776.98,300.02,0.00
4777.98,300.02,0.00
4778.98,299.89,0.00
4779.98,299.83,0.00
4780.98,300.08,0.00
4781.98,300.02,0.00
4782.98,300.02,0.00
4783.99,300.02,0.00
4784.99,299.96,0.00
4785.99,300.08,0.00
4786.99,299.96,0.00
4787.99,299.96,0.00
4788.99,299.89,0.00
4789.99,299.96,0.00
4790.99,299.96,0.00
4791.99,300.02,0.00
4793.00,300.02,0.00
4794.00,299.96,0.00
4795.00,300.02,0.00
4796.00,300.08,0.00
4797.00,300.02,0.00
4798.00,300.02,0.00
4799.00,300.02,0.00
4800.00,299.96,0.00
4801.00,299.96,0.00
4802.01,300.02,0.00
4803.01,299.96,0.00
4804.01,300.02,0.00
4805.01,300.02,0.00
4806.01,300.02,0.00
4807.01,300.02,0.00
4808.01,300.02,0.00
4810.01,299.96,0.00
4811.01,299.96,0.00
4812.01,300.02,0.00
4813.01,300.02,0.00
4814.02,299.83,0.00
4815.02,300.02,0.00
4816.02,300.02,0.00
4817.02,300.02,0.00
4818.02,300.08,0.00
4819.02,299.96,0.00
4820.02,299.89,0.00
4821.02,299.96,0.00
4823.03,300.02,0.00
4824.03,300.02,0.00
4825.03,300.02,0.00
4827.03,300.02,0.00
4828.04,300.02,0.00
4829.04,300.02,0.00
4830.04,299.89,0.00
4831.04,299.89,0.00
4832.04,299.89,0.00
4833.04,299.89,0.00
4834.04,300.02,0.00
4835.04,299.96,0.00
4836.04,254.44,0.00
4837.04,194.15,0.00
4838.05,134.11,0.00
4840.05,13.48,0.00
4841.05,252.30,0.00
4842.05,190.91,0.00
4843.05,129.82,0.00
4844.05,69.44,0.00
4845.05,57.37,0.00
4846.05,1.04,0.00
4847.06,-0.12,0.00
4848.06,-0.12,0.00
4849.06,-0.12,0.00
4850.06,-0.06,0.00
4851.06,-0.12,0.00
4852.06,-0.12,0.00
4853.06,-0.12,0.00
4854.07,-0.19,0.00
4855.07,-0.25,0.00
